player,matches_played,balls_faced,total_runs,highest_score,batting_average,strike_rate,centuries,half_centuries,fours,sixes,dismissals,balls_bowled,runs_conceded,wickets,economy,bowling_average,bowling_strike_rate,seasons_played,first_season,last_season,career_span
A Ashish Reddy,23,196,280,36,18.67,142.86,0,0,16,15,15,270,400,18,8.89,22.22,15.0,4,2012,2016,2012-2016
A Badoni,35,505,634,59,24.38,125.54,0,4,46,24,26,25,37,2,8.88,18.5,12.5,3,2022,2024,2022-2024
A Chandila,2,7,4,4,,57.14,0,0,0,0,0,234,245,11,6.28,22.27,21.27,2,2012,2013,2012-2013
A Chopra,6,75,53,24,8.83,70.67,0,0,7,0,6,0,0,0,,,,2,2007/08,2009,2007/08-2009
A Choudhary,3,20,25,15,25.0,125.0,0,0,1,1,1,108,144,5,8.0,28.8,21.6,1,2017,2017,2017-2017
A Dananjaya,1,5,4,4,,80.0,0,0,0,0,0,25,47,0,11.28,,,1,2018,2018,2018-2018
A Flintoff,3,57,62,24,31.0,108.77,0,0,5,2,2,66,106,2,9.64,53.0,33.0,1,2009,2009,2009-2009
A Kamboj,1,2,2,2,,100.0,0,0,0,0,0,68,115,2,10.15,57.5,34.0,1,2024,2024,2024-2024
A Kumble,15,49,35,8,11.67,71.43,0,0,3,0,3,983,1089,45,6.65,24.2,21.84,3,2007/08,2009/10,2007/08-2009/10
A Manohar,15,181,231,43,16.5,127.62,0,0,21,10,14,0,0,0,,,,3,2022,2024,2022-2024
A Mishra,55,440,381,31,11.91,86.59,0,0,31,5,32,3444,4193,174,7.3,24.1,19.79,13,2007/08,2023,2007/08-2023
A Mithun,6,26,34,11,6.8,130.77,0,0,4,1,5,312,477,7,9.17,68.14,44.57,3,2009/10,2013,2009/10-2013
A Mukund,2,23,19,19,9.5,82.61,0,0,1,0,2,0,0,0,,,,2,2007/08,2013,2007/08-2013
A Nehra,17,63,41,22,5.86,65.08,0,0,3,1,7,1974,2537,106,7.71,23.93,18.62,7,2007/08,2016,2007/08-2016
A Nortje,13,51,49,23,8.17,96.08,0,0,6,0,6,1097,1614,60,8.83,26.9,18.28,4,2020/21,2024,2020/21-2024
A Raghuvanshi,7,109,163,54,23.29,149.54,0,1,16,8,7,0,0,0,,,,1,2024,2024,2024-2024
A Singh,5,10,2,1,0.5,20.0,0,0,0,0,4,486,639,28,7.89,22.82,17.36,3,2009,2012,2009-2012
A Symonds,36,781,974,117,36.07,124.71,1,5,74,41,27,540,694,20,7.71,34.7,27.0,4,2007/08,2011,2007/08-2011
A Tomar,1,8,4,4,4.0,50.0,0,0,1,0,1,0,0,0,,,,1,2022,2022,2022-2022
A Uniyal,2,7,4,4,4.0,57.14,0,0,0,0,1,38,67,2,10.58,33.5,19.0,1,2009/10,2009/10,2009/10-2009/10
A Zampa,5,25,15,7,3.0,60.0,0,0,1,0,5,425,562,29,7.93,19.38,14.66,3,2016,2023,2016-2023
AA Bilakhia,7,88,69,22,13.8,78.41,0,0,5,0,5,0,0,0,,,,2,2009,2009/10,2009-2009/10
AA Chavan,3,11,12,7,6.0,109.09,0,0,2,0,2,255,339,8,7.98,42.38,31.88,2,2011,2012,2011-2012
AA Jhunjhunwala,15,218,217,53,16.69,99.54,0,1,19,5,13,88,130,1,8.86,130.0,88.0,3,2009/10,2012,2009/10-2012
AA Kulkarni,2,8,9,9,4.5,112.5,0,0,2,0,2,0,0,0,,,,1,2024,2024,2024-2024
AA Noffke,1,12,9,9,9.0,75.0,0,0,1,0,1,25,41,1,9.84,41.0,25.0,1,2007/08,2007/08,2007/08-2007/08
AB Agarkar,18,160,179,39,17.9,111.87,0,0,13,5,10,820,1174,29,8.59,40.48,28.28,5,2007/08,2013,2007/08-2013
AB Barath,3,43,42,33,21.0,97.67,0,0,5,1,2,0,0,0,,,,1,2009/10,2009/10,2009/10-2009/10
AB Dinda,16,50,26,7,2.6,52.0,0,0,2,0,10,1589,2103,69,7.94,30.48,23.03,8,2007/08,2017,2007/08-2017
AB McDonald,9,103,123,33,24.6,119.42,0,0,9,4,5,188,263,11,8.39,23.91,17.09,5,2009,2013,2009-2013
AB de Villiers,170,3487,5181,133,39.85,148.58,3,41,414,253,130,0,0,0,,,,14,2007/08,2021,2007/08-2021
AC Blizzard,7,91,120,51,17.14,131.87,0,1,21,2,7,0,0,0,,,,2,2011,2012,2011-2012
AC Gilchrist,80,1555,2069,109,27.22,133.05,2,11,239,92,76,1,0,1,0.0,0.0,1.0,6,2007/08,2013,2007/08-2013
AC Thomas,4,19,20,12,10.0,105.26,0,0,1,1,2,327,416,14,7.63,29.71,23.36,2,2011,2012,2011-2012
AC Voges,7,143,181,45,45.25,126.57,0,0,15,3,4,56,76,0,8.14,,,1,2009/10,2009/10,2009/10-2009/10
AD Hales,6,119,148,45,24.67,124.37,0,0,13,6,6,0,0,0,,,,1,2018,2018,2018-2018
AD Mascarenhas,11,79,79,27,8.78,100.0,0,0,5,1,9,310,365,19,7.06,19.21,16.32,5,2007/08,2013,2007/08-2013
AD Mathews,41,599,724,65,23.35,120.87,0,1,44,29,31,807,1095,27,8.14,40.56,29.89,6,2009,2017,2009-2017
AD Nath,10,99,90,24,9.0,90.91,0,0,7,2,10,0,0,0,,,,4,2016,2019,2016-2019
AD Russell,104,1515,2488,88,28.93,164.22,0,11,171,209,86,1771,2691,115,9.12,23.4,15.4,12,2012,2024,2012-2024
AF Milne,6,31,23,15,5.75,74.19,0,0,0,1,4,217,339,7,9.37,48.43,31.0,2,2017,2021,2017-2021
AG Murtaza,3,14,10,5,10.0,71.43,0,0,1,0,1,269,322,9,7.18,35.78,29.89,3,2011,2013,2011-2013
AG Paunikar,5,61,49,20,9.8,80.33,0,0,9,0,5,0,0,0,,,,2,2009/10,2011,2009/10-2011
AJ Finch,90,1696,2092,88,24.9,123.35,0,15,214,78,84,44,67,1,9.14,67.0,44.0,11,2009/10,2022,2009/10-2022
AJ Hosein,1,11,16,16,,145.45,0,0,1,1,0,24,41,1,10.25,41.0,24.0,1,2023,2023,2023-2023
AJ Turner,6,31,24,16,4.8,77.42,0,0,0,2,5,0,0,0,,,,2,2019,2024,2019-2024
AJ Tye,13,79,91,25,10.11,115.19,0,0,6,5,9,714,1005,42,8.45,23.93,17.0,4,2017,2020/21,2017-2020/21
AK Markram,42,787,995,68,30.15,126.43,0,5,73,35,33,123,173,2,8.44,86.5,61.5,4,2021,2024,2021-2024
AL Menaria,23,367,401,40,19.1,109.26,0,0,24,18,21,113,144,3,7.65,48.0,37.67,3,2011,2013,2011-2013
AM Nayar,50,588,672,45,17.68,114.29,0,0,55,20,38,239,323,9,8.11,35.89,26.56,7,2007/08,2014,2007/08-2014
AM Rahane,171,3858,4642,105,30.14,120.32,2,30,479,103,154,6,5,1,5.0,5.0,6.0,16,2007/08,2024,2007/08-2024
AN Ahmed,6,27,36,18,36.0,133.33,0,0,4,1,1,362,515,12,8.54,42.92,30.17,4,2009/10,2015,2009/10-2015
AN Ghosh,2,8,7,7,3.5,87.5,0,0,1,0,2,0,0,0,,,,1,2009,2009,2009-2009
AP Dole,2,23,34,30,17.0,147.83,0,0,3,1,2,73,114,5,9.37,22.8,14.6,1,2009/10,2009/10,2009/10-2009/10
AP Majumdar,4,77,87,31,21.75,112.99,0,0,7,2,4,0,0,0,,,,1,2012,2012,2012-2012
AP Tare,27,285,339,59,14.12,118.95,0,1,40,11,24,0,0,0,,,,6,2009/10,2017,2009/10-2017
AR Bawne,1,12,12,12,,100.0,0,0,1,0,0,0,0,0,,,,1,2017,2017,2017-2017
AR Patel,112,1318,1653,66,21.47,125.42,0,3,107,79,77,3152,3824,123,7.28,31.09,25.63,11,2014,2024,2014-2024
AS Joseph,5,32,27,15,27.0,84.38,0,0,3,0,1,454,707,21,9.34,33.67,21.62,3,2019,2023,2019-2023
AS Rajpoot,7,41,26,8,5.2,63.41,0,0,2,1,5,567,844,24,8.93,35.17,23.62,4,2013,2020/21,2013-2020/21
AS Raut,16,172,194,36,21.56,112.79,0,0,13,7,9,30,45,0,9.0,,,3,2009,2011,2009-2011
AS Roy,6,24,26,13,8.67,108.33,0,0,3,0,3,142,191,5,8.07,38.2,28.4,3,2022,2024,2022-2024
AS Yadav,6,40,49,16,9.8,122.5,0,0,5,2,5,0,0,0,,,,1,2007/08,2007/08,2007/08-2007/08
AT Carey,3,29,32,14,16.0,110.34,0,0,0,1,2,0,0,0,,,,1,2020/21,2020/21,2020/21-2020/21
AT Rayudu,185,3490,4348,100,28.05,124.58,1,22,359,173,155,0,0,0,,,,14,2009/10,2023,2009/10-2023
AU Rashid,2,17,22,18,11.0,129.41,0,0,2,1,2,60,91,2,9.1,45.5,30.0,1,2023,2023,2023-2023
AUK Pathan,7,26,39,14,7.8,150.0,0,0,5,2,5,41,63,0,9.22,,,2,2011,2012,2011-2012
Abdul Basith,1,1,1,1,,100.0,0,0,0,0,0,0,0,0,,,,1,2023,2023,2023-2023
Abdul Samad,39,408,579,37,18.68,141.91,0,0,37,36,31,55,113,2,12.33,56.5,27.5,5,2020/21,2024,2020/21-2024
Abdur Razzak,1,2,0,0,,0.0,0,0,0,0,0,14,29,0,12.43,,,1,2007/08,2007/08,2007/08-2007/08
Abhishek Sharma,61,925,1377,75,25.5,148.86,0,7,128,73,54,278,396,11,8.55,36.0,25.27,7,2018,2024,2018-2024
Abishek Porel,16,244,360,65,25.71,147.54,0,2,37,15,14,0,0,0,,,,2,2023,2024,2023-2024
Akash Deep,3,12,19,17,9.5,158.33,0,0,2,1,2,175,324,7,11.11,46.29,25.0,3,2022,2024,2022-2024
Akash Madhwal,1,5,4,4,,80.0,0,0,0,0,0,279,431,19,9.27,22.68,14.68,1,2024,2024,2024-2024
Aman Hakim Khan,10,109,115,51,12.78,105.5,0,1,8,6,9,6,13,0,13.0,,,2,2022,2023,2022-2023
Anirudh Singh,4,69,63,40,15.75,91.3,0,0,6,1,4,0,0,0,,,,1,2009/10,2009/10,2009/10-2009/10
Ankit Sharma,10,69,87,30,12.43,126.09,0,0,7,4,7,375,453,12,7.25,37.75,31.25,5,2012,2017,2012-2017
Ankit Soni,3,9,7,7,3.5,77.78,0,0,0,1,2,112,145,2,7.77,72.5,56.0,1,2017,2017,2017-2017
Anmolpreet Singh,9,117,139,36,15.44,118.8,0,0,19,3,9,0,0,0,,,,4,2021,2024,2021-2024
Anuj Rawat,21,276,318,66,19.88,115.22,0,1,26,14,16,0,0,0,,,,4,2021,2024,2021-2024
Anureet Singh,8,47,36,15,9.0,76.6,0,0,2,1,4,430,636,18,8.87,35.33,23.89,3,2015,2018,2015-2018
Arjun Tendulkar,1,9,13,13,13.0,144.44,0,0,0,1,1,83,117,3,8.46,39.0,27.67,1,2023,2023,2023-2023
Arshad Khan,6,67,96,58,32.0,143.28,0,1,5,6,3,153,282,6,11.06,47.0,25.5,2,2023,2024,2023-2024
Arshad Khan (2),1,4,5,5,5.0,125.0,0,0,1,0,1,13,25,0,11.54,,,1,2024,2024,2024-2024
Arshdeep Singh,11,42,29,10,5.8,69.05,0,0,4,0,5,1453,2097,76,8.66,27.59,19.12,5,2020/21,2024,2020/21-2024
Ashutosh Sharma,9,118,189,61,27.0,160.17,0,1,10,15,7,0,0,0,,,,1,2024,2024,2024-2024
Atharva Taide,9,177,247,66,27.44,139.55,0,2,27,8,9,1,4,0,24.0,,,2,2023,2024,2023-2024
Avesh Khan,9,25,41,12,20.5,164.0,0,0,3,3,2,1390,2010,74,8.68,27.16,18.78,5,2019,2024,2019-2024
Azhar Mahmood,21,311,388,80,20.42,124.76,0,2,39,13,19,552,707,29,7.68,24.38,19.03,3,2012,2015,2012-2015
Azmatullah Omarzai,4,34,42,17,10.5,123.53,0,0,2,2,4,131,194,4,8.89,48.5,32.75,1,2024,2024,2024-2024
B Akhil,11,57,76,27,12.67,133.33,0,0,5,5,6,193,246,6,7.65,41.0,32.17,3,2007/08,2011,2007/08-2011
B Chipli,21,256,280,61,18.67,109.38,0,1,28,7,15,6,20,0,20.0,,,4,2007/08,2013,2007/08-2013
B Indrajith,3,31,21,15,7.0,67.74,0,0,2,0,3,0,0,0,,,,1,2022,2022,2022-2022
B Kumar,65,338,306,27,8.74,90.53,0,0,30,3,35,4060,5051,181,7.46,27.91,22.43,14,2011,2024,2011-2024
B Laughlin,4,13,5,4,2.5,38.46,0,0,0,0,2,179,284,10,9.52,28.4,17.9,2,2013,2018,2013-2018
B Lee,19,102,124,25,12.4,121.57,0,0,8,8,10,916,1126,25,7.38,45.04,36.64,6,2007/08,2013,2007/08-2013
B Sai Sudharsan,25,770,1034,103,47.0,134.29,1,6,95,32,22,0,0,0,,,,3,2022,2024,2022-2024
B Stanlake,1,2,5,5,,250.0,0,0,1,0,0,150,200,7,8.0,28.57,21.43,1,2018,2018,2018-2018
B Sumanth,4,38,35,16,35.0,92.11,0,0,3,0,1,0,0,0,,,,1,2009/10,2009/10,2009/10-2009/10
BA Bhatt,2,7,6,6,6.0,85.71,0,0,0,1,1,303,408,12,8.08,34.0,25.25,2,2011,2012,2011-2012
BA Stokes,43,718,935,107,24.61,130.22,2,2,81,32,38,723,1023,28,8.49,36.54,25.82,6,2017,2023,2017-2023
BAW Mendis,3,6,3,2,1.5,50.0,0,0,0,0,2,248,306,8,7.4,38.25,31.0,3,2009,2013,2009-2013
BB McCullum,109,2272,2882,158,27.71,126.85,2,13,293,130,104,0,0,0,,,,11,2007/08,2018,2007/08-2018
BB Samantray,8,116,125,55,25.0,107.76,0,1,13,2,5,0,0,0,,,,2,2012,2013,2012-2013
BB Sran,7,14,10,3,10.0,71.43,0,0,0,0,1,516,767,18,8.92,42.61,28.67,3,2016,2019,2016-2019
BCJ Cutting,17,146,238,39,21.64,163.01,0,0,15,19,11,288,430,10,8.96,43.0,28.8,5,2014,2019,2014-2019
BE Hendricks,2,3,1,1,1.0,33.33,0,0,0,0,1,157,239,9,9.13,26.56,17.44,2,2014,2015,2014-2015
BJ Haddin,1,11,18,18,18.0,163.64,0,0,2,1,1,0,0,0,,,,1,2011,2011,2011-2011
BJ Hodge,63,1153,1400,73,33.33,121.42,0,6,122,43,42,238,310,17,7.82,18.24,14.0,7,2007/08,2014,2007/08-2014
BJ Rohrer,8,146,193,64,27.57,132.19,0,1,21,5,7,7,12,0,10.29,,,1,2013,2013,2013-2013
BMAJ Mendis,3,27,23,12,7.67,85.19,0,0,0,0,3,30,36,1,7.2,36.0,30.0,1,2013,2013,2013-2013
BR Dunk,3,36,40,20,13.33,111.11,0,0,7,0,3,0,0,0,,,,1,2014,2014,2014-2014
BR Sharath,1,5,2,2,2.0,40.0,0,0,0,0,1,0,0,0,,,,1,2024,2024,2024-2024
Basil Thampi,7,37,32,13,32.0,86.49,0,0,1,1,1,539,862,22,9.6,39.18,24.5,3,2017,2019,2017-2019
Bipul Sharma,17,124,187,35,23.38,150.81,0,0,11,9,8,436,581,17,8.0,34.18,25.65,6,2009/10,2017,2009/10-2017
C Green,28,472,707,100,41.59,149.79,1,2,62,32,17,462,675,16,8.77,42.19,28.88,2,2023,2024,2023-2024
C Madan,1,21,15,15,15.0,71.43,0,0,3,0,1,0,0,0,,,,1,2009/10,2009/10,2009/10-2009/10
C Munro,11,144,177,40,14.75,122.92,0,0,19,8,12,12,15,0,7.5,,,3,2016,2019,2016-2019
C Nanda,1,1,0,0,0.0,0.0,0,0,0,0,1,50,58,2,6.96,29.0,25.0,1,2009,2009,2009-2009
C Sakariya,7,31,20,7,3.33,64.52,0,0,3,0,6,460,610,20,7.96,30.5,23.0,2,2021,2023,2021-2023
C de Grandhomme,21,229,303,40,18.94,132.31,0,0,18,18,16,230,323,6,8.43,53.83,38.33,3,2017,2019,2017-2019
CA Ingram,15,183,205,47,17.08,112.02,0,0,22,5,12,0,0,0,,,,2,2011,2019,2011-2019
CA Lynn,42,974,1329,93,34.08,136.45,0,10,132,66,39,0,0,0,,,,7,2012,2021,2012-2021
CA Pujara,22,403,390,51,20.53,96.77,0,1,50,4,19,0,0,0,,,,5,2009/10,2014,2009/10-2014
CH Gayle,141,3516,4997,175,39.66,142.12,6,32,408,359,126,584,755,18,7.76,41.94,32.44,13,2009,2021,2009-2021
CH Morris,49,413,618,82,22.07,149.64,0,2,41,35,28,1801,2377,96,7.92,24.76,18.76,8,2013,2021,2013-2021
CJ Anderson,29,436,538,95,24.45,123.39,0,3,40,31,22,315,525,11,10.0,47.73,28.64,4,2014,2018,2014-2018
CJ Ferguson,8,119,98,23,16.33,82.35,0,0,9,0,6,0,0,0,,,,2,2011,2012,2011-2012
CJ Jordan,12,81,81,30,8.1,100.0,0,0,3,3,10,717,1111,30,9.3,37.03,23.9,6,2016,2023,2016-2023
CJ McKay,1,15,8,8,8.0,53.33,0,0,0,0,1,42,60,1,8.57,60.0,42.0,1,2012,2012,2012-2012
CK Kapugedera,3,24,16,8,5.33,66.67,0,0,0,0,3,17,49,0,17.29,,,1,2007/08,2007/08,2007/08-2007/08
CK Langeveldt,2,9,8,8,4.0,88.89,0,0,0,1,2,165,199,13,7.24,15.31,12.69,2,2009/10,2011,2009/10-2011
CL White,45,774,971,78,26.97,125.45,0,6,76,38,36,46,86,1,11.22,86.0,46.0,5,2007/08,2013,2007/08-2013
CM Gautam,13,158,169,33,16.9,106.96,0,0,17,6,10,0,0,0,,,,3,2013,2015,2013-2015
CR Brathwaite,14,120,181,43,13.92,150.83,0,0,10,16,13,266,384,13,8.66,29.54,20.46,4,2016,2019,2016-2019
CR Woakes,12,77,78,18,13.0,101.3,0,0,7,2,6,463,674,30,8.73,22.47,15.43,3,2017,2021,2017-2021
CRD Fernando,2,3,4,2,,133.33,0,0,0,0,0,249,306,17,7.37,18.0,14.65,2,2007/08,2009/10,2007/08-2009/10
CV Varun,10,49,25,10,6.25,51.02,0,0,2,0,4,1624,2042,83,7.54,24.6,19.57,4,2020/21,2023,2020/21-2023
D Brevis,10,176,230,49,23.0,130.68,0,0,17,16,10,3,8,1,16.0,8.0,3.0,2,2022,2024,2022-2024
D Ferreira,2,11,8,7,4.0,72.73,0,0,0,0,2,0,0,0,,,,1,2024,2024,2024-2024
D Kalyankrishna,1,8,3,3,3.0,37.5,0,0,0,0,1,50,88,2,10.56,44.0,25.0,1,2007/08,2007/08,2007/08-2007/08
D Padikkal,64,1323,1559,101,25.15,117.84,1,9,170,42,62,0,0,0,,,,5,2020/21,2024,2020/21-2024
D Pretorius,5,28,44,22,11.0,157.14,0,0,3,3,4,166,242,6,8.75,40.33,27.67,1,2022,2022,2022-2022
D Salunkhe,3,24,33,26,16.5,137.5,0,0,5,0,2,51,80,1,9.41,80.0,51.0,1,2007/08,2007/08,2007/08-2007/08
D Wiese,11,105,148,47,29.6,140.95,0,0,12,7,5,307,447,16,8.74,27.94,19.19,3,2015,2023,2015-2023
D du Preez,1,13,10,10,10.0,76.92,0,0,0,0,1,43,56,4,7.81,14.0,10.75,1,2009,2009,2009-2009
DA Miller,123,2171,2924,101,35.66,134.68,1,13,207,134,82,0,0,0,,,,12,2012,2024,2012-2024
DA Warner,184,4849,6567,126,40.04,135.43,4,62,663,236,164,2,2,0,6.0,,,15,2009,2024,2009-2024
DAJ Bracewell,1,9,12,12,,133.33,0,0,1,0,0,25,32,3,7.68,10.67,8.33,1,2012,2012,2012-2012
DB Das,22,267,304,35,21.71,113.86,0,0,23,16,14,0,0,0,,,,3,2007/08,2013,2007/08-2013
DB Ravi Teja,25,325,375,60,19.74,115.38,0,1,35,9,19,18,28,1,9.33,28.0,18.0,5,2007/08,2013,2007/08-2013
DE Bollinger,4,23,21,16,21.0,91.3,0,0,1,1,1,600,716,37,7.16,19.35,16.22,3,2009/10,2012,2009/10-2012
DG Nalkande,2,12,12,12,6.0,100.0,0,0,0,1,2,89,150,6,10.11,25.0,14.83,2,2023,2024,2023-2024
DH Yagnik,17,142,170,34,17.0,119.72,0,0,23,2,10,0,0,0,,,,4,2011,2014,2011-2014
DJ Bravo,110,1247,1560,70,22.61,125.1,0,5,120,66,69,3296,4436,183,8.08,24.24,18.01,14,2007/08,2022,2007/08-2022
DJ Harris,4,103,111,47,27.75,107.77,0,0,11,5,4,18,26,0,8.67,,,1,2012,2012,2012-2012
DJ Hooda,96,1170,1466,64,18.32,125.3,0,8,96,61,80,384,535,10,8.36,53.5,38.4,10,2015,2024,2015-2024
DJ Hussey,61,1101,1322,71,26.98,120.07,0,5,90,60,49,323,485,8,9.01,60.62,40.38,7,2007/08,2014,2007/08-2014
DJ Jacobs,7,101,92,32,13.14,91.09,0,0,10,4,7,0,0,0,,,,2,2011,2012,2011-2012
DJ Malan,1,26,26,26,26.0,100.0,0,0,1,1,1,0,0,0,,,,1,2021,2021,2021-2021
DJ Mitchell,15,274,351,63,27.0,128.1,0,2,28,10,13,51,97,1,11.41,97.0,51.0,2,2022,2024,2022-2024
DJ Muthuswami,1,3,1,1,1.0,33.33,0,0,0,0,1,84,108,4,7.71,27.0,21.0,1,2015,2015,2015-2015
DJ Thornely,4,54,39,30,13.0,72.22,0,0,2,2,3,44,40,3,5.45,13.33,14.67,1,2007/08,2007/08,2007/08-2007/08
DJ Willey,5,64,53,20,26.5,82.81,0,0,7,0,2,221,277,6,7.52,46.17,36.83,2,2022,2023,2022-2023
DJG Sammy,20,251,295,60,19.67,117.53,0,1,15,18,15,244,354,11,8.7,32.18,22.18,3,2013,2015,2013-2015
DJM Short,7,102,115,44,16.43,112.75,0,0,11,5,7,18,23,1,7.67,23.0,18.0,1,2018,2018,2018-2018
DL Chahar,12,61,80,39,11.43,131.15,0,0,2,6,7,1746,2243,77,7.71,29.13,22.68,6,2017,2023,2017-2023
DL Vettori,16,118,121,29,15.12,102.54,0,0,11,2,8,785,894,28,6.83,31.93,28.04,4,2009,2012,2009-2012
DM Bravo,1,5,6,6,,120.0,0,0,1,0,0,0,0,0,,,,1,2017,2017,2017-2017
DNT Zoysa,2,9,11,10,11.0,122.22,0,0,1,0,1,69,100,2,8.7,50.0,34.5,1,2007/08,2007/08,2007/08-2007/08
DP Conway,22,669,924,92,48.63,138.12,0,9,100,30,19,0,0,0,,,,2,2022,2023,2022-2023
DP Nannes,2,13,4,3,4.0,30.77,0,0,0,0,1,689,815,28,7.1,29.11,24.61,1,2009/10,2009/10,2009/10-2009/10
DP Vijaykumar,1,1,1,1,,100.0,0,0,0,0,0,159,205,4,7.74,51.25,39.75,1,2007/08,2007/08,2007/08-2007/08
DPMD Jayawardene,78,1522,1808,110,28.25,118.79,1,10,200,40,64,0,0,0,,,,6,2007/08,2013,2007/08-2013
DR Martyn,1,26,19,19,19.0,73.08,0,0,1,0,1,0,0,0,,,,1,2009/10,2009/10,2009/10-2009/10
DR Sams,13,48,44,15,4.89,91.67,0,0,1,3,9,389,528,14,8.14,37.71,27.79,3,2020/21,2022,2020/21-2022
DR Shorey,2,20,13,8,6.5,65.0,0,0,0,1,2,0,0,0,,,,2,2018,2019,2018-2019
DR Smith,88,1803,2385,87,28.39,132.28,0,17,245,117,84,557,825,26,8.89,31.73,21.42,9,2007/08,2017,2007/08-2017
DS Kulkarni,20,113,104,28,11.56,92.04,0,0,7,2,9,1876,2513,86,8.04,29.22,21.81,11,2007/08,2020/21,2007/08-2020/21
DS Lehmann,2,19,18,17,9.0,94.74,0,0,3,0,2,0,0,0,,,,1,2007/08,2007/08,2007/08-2007/08
DT Christian,41,408,460,39,14.84,112.75,0,0,23,19,31,922,1218,38,7.93,32.05,24.26,6,2011,2021,2011-2021
DT Patil,2,13,13,9,6.5,100.0,0,0,1,0,2,0,0,0,,,,1,2007/08,2007/08,2007/08-2007/08
DW Steyn,33,163,167,19,7.59,102.45,0,0,14,3,22,2282,2583,97,6.79,26.63,23.53,10,2007/08,2020/21,2007/08-2020/21
Dhruv Jurel,22,237,347,56,23.13,146.41,0,2,29,16,15,0,0,0,,,,2,2023,2024,2023-2024
E Lewis,26,499,654,65,27.25,131.06,0,4,62,36,24,0,0,0,,,,4,2018,2022,2018-2022
EJG Morgan,74,1181,1406,68,22.68,119.05,0,5,112,64,62,0,0,0,,,,8,2009/10,2021,2009/10-2021
ER Dwivedi,2,15,24,19,12.0,160.0,0,0,2,2,2,0,0,0,,,,1,2016,2016,2016-2016
F Behardien,3,13,14,9,7.0,107.69,0,0,2,0,2,0,0,0,,,,1,2016,2016,2016-2016
F du Plessis,138,3435,4571,96,35.99,133.07,0,37,422,166,127,6,16,0,16.0,,,12,2012,2024,2012-2024
FA Allen,3,19,14,8,7.0,73.68,0,0,1,0,2,91,136,2,8.97,68.0,45.5,2,2021,2022,2021-2022
FH Edwards,2,5,4,3,4.0,80.0,0,0,0,0,1,150,160,5,6.4,32.0,30.0,1,2009,2009,2009-2009
FY Fazal,11,179,183,45,18.3,102.23,0,0,22,1,10,12,20,0,10.0,,,2,2009/10,2011,2009/10-2011
Fazalhaq Farooqi,2,13,3,2,,23.08,0,0,0,0,0,162,229,6,8.48,38.17,27.0,2,2022,2023,2022-2023
G Coetzee,5,22,14,8,3.5,63.64,0,0,0,1,4,216,357,13,9.92,27.46,16.62,1,2024,2024,2024-2024
G Gambhir,151,3524,4217,93,31.01,119.67,0,36,492,59,136,0,0,0,,,,11,2007/08,2018,2007/08-2018
GB Hogg,4,22,22,13,7.33,100.0,0,0,1,0,3,466,585,23,7.53,25.43,20.26,2,2012,2015,2012-2015
GC Smith,29,691,739,91,28.42,106.95,0,4,94,9,26,0,0,0,,,,4,2007/08,2011,2007/08-2011
GC Viljoen,3,7,3,2,1.5,42.86,0,0,0,0,2,146,229,7,9.41,32.71,20.86,1,2019,2019,2019-2019
GD McGrath,2,5,4,4,4.0,80.0,0,0,1,0,1,329,366,12,6.67,30.5,27.42,1,2007/08,2007/08,2007/08-2007/08
GD Phillips,8,55,65,25,9.29,118.18,0,0,3,6,7,31,40,2,7.74,20.0,15.5,2,2021,2023,2021-2023
GH Vihari,23,331,284,46,14.2,85.8,0,0,23,1,20,43,48,1,6.7,48.0,43.0,3,2013,2019,2013-2019
GHS Garton,2,4,2,2,2.0,50.0,0,0,0,0,1,97,136,3,8.41,45.33,32.33,1,2021,2021,2021-2021
GJ Bailey,36,552,663,61,24.56,120.11,0,2,59,19,27,0,0,0,,,,5,2009,2016,2009-2016
GJ Maxwell,128,1842,2772,95,24.75,150.49,0,18,233,160,112,965,1311,37,8.15,35.43,26.08,12,2012,2024,2012-2024
GR Napier,1,16,15,15,15.0,93.75,0,0,1,0,1,24,28,1,7.0,28.0,24.0,1,2009,2009,2009-2009
Gulbadin Naib,1,15,19,19,19.0,126.67,0,0,1,1,1,6,12,0,12.0,,,1,2024,2024,2024-2024
Gurkeerat Singh,32,436,511,65,21.29,117.2,0,2,55,11,24,82,97,5,7.1,19.4,16.4,6,2012,2020/21,2012-2020/21
H Das,1,5,2,2,2.0,40.0,0,0,0,0,1,0,0,0,,,,1,2007/08,2007/08,2007/08-2007/08
H Klaasen,32,613,993,104,38.19,161.99,1,6,56,64,26,0,0,0,,,,4,2018,2024,2018-2024
HC Brook,11,159,190,100,21.11,119.5,1,0,23,4,9,0,0,0,,,,1,2023,2023,2023-2023
HE van der Dussen,3,25,22,12,11.0,88.0,0,0,2,0,2,0,0,0,,,,1,2022,2022,2022-2022
HF Gurney,1,5,1,1,,20.0,0,0,0,0,0,169,239,7,8.49,34.14,24.14,1,2019,2019,2019-2019
HH Gibbs,36,837,886,69,27.69,105.85,0,6,83,31,32,0,0,0,,,,4,2007/08,2012,2007/08-2012
HH Pandya,128,1814,2534,91,28.47,139.69,0,10,189,137,89,1485,2196,64,8.87,34.31,23.2,10,2015,2024,2015-2024
HM Amla,16,418,577,104,44.38,138.04,2,3,60,21,13,0,0,0,,,,2,2016,2017,2016-2017
HR Shokeen,5,67,66,25,22.0,98.51,0,0,9,0,3,213,320,5,9.01,64.0,42.6,2,2022,2023,2022-2023
HV Patel,37,214,249,36,9.22,116.36,0,0,16,15,27,2284,3215,135,8.45,23.81,16.92,10,2012,2024,2012-2024
Harbhajan Singh,88,636,833,64,15.15,130.97,0,1,79,42,55,3496,4101,150,7.04,27.34,23.31,13,2007/08,2021,2007/08-2021
Harmeet Singh,4,12,18,14,4.5,150.0,0,0,3,0,4,574,747,27,7.81,27.67,21.26,3,2009/10,2013,2009/10-2013
Harpreet Brar,24,201,233,29,21.18,115.92,0,0,19,9,11,692,907,25,7.86,36.28,27.68,5,2019,2024,2019-2024
Harpreet Singh,8,119,123,41,17.57,103.36,0,0,10,3,7,0,0,0,,,,4,2011,2024,2011-2024
Harshit Rana,3,3,2,2,1.0,66.67,0,0,0,0,2,403,590,25,8.78,23.6,16.12,2,2022,2023,2022-2023
I Malhotra,1,4,7,7,,175.0,0,0,1,0,0,6,23,0,23.0,,,1,2011,2011,2011-2011
I Sharma,21,71,57,10,9.5,80.28,0,0,4,2,6,2429,3255,92,8.04,35.38,26.4,8,2007/08,2024,2007/08-2024
I Udana,4,11,15,10,5.0,136.36,0,0,1,1,3,182,286,8,9.43,35.75,22.75,1,2020/21,2020/21,2020/21-2020/21
IC Pandey,1,2,0,0,0.0,0.0,0,0,0,0,1,469,609,18,7.79,33.83,26.06,1,2013,2013,2013-2013
IK Pathan,82,985,1150,60,21.7,116.75,0,1,88,38,53,2113,2711,80,7.7,33.89,26.41,9,2007/08,2017,2007/08-2017
IR Jaggi,7,100,76,28,15.2,76.0,0,0,6,0,5,0,0,0,,,,3,2011,2017,2011-2017
IS Sodhi,2,18,7,6,3.5,38.89,0,0,0,0,2,182,204,9,6.73,22.67,20.22,2,2018,2019,2018-2019
Imran Tahir,8,37,33,13,8.25,89.19,0,0,5,0,4,1340,1729,82,7.74,21.09,16.34,6,2014,2020/21,2014-2020/21
Iqbal Abdulla,13,86,88,33,44.0,102.33,0,0,9,1,2,943,1125,40,7.16,28.12,23.57,8,2007/08,2017,2007/08-2017
Ishan Kishan,99,1991,2644,99,28.43,132.8,0,16,255,119,93,0,0,0,,,,9,2016,2024,2016-2024
J Arunkumar,3,24,23,22,7.67,95.83,0,0,5,0,3,0,0,0,,,,1,2007/08,2007/08,2007/08-2007/08
J Botha,28,364,409,67,20.45,112.36,0,1,39,5,20,709,818,25,6.92,32.72,28.36,5,2009,2015,2009-2015
J Fraser-McGurk,9,150,330,84,36.67,220.0,0,4,32,28,9,0,0,0,,,,1,2024,2024,2024-2024
J Suchith,9,62,70,34,17.5,112.9,0,0,6,3,4,434,604,19,8.35,31.79,22.84,4,2015,2022,2015-2022
J Syed Mohammad,5,27,29,13,14.5,107.41,0,0,4,0,2,196,286,8,8.76,35.75,24.5,3,2011,2013,2011-2013
J Theron,4,13,10,7,5.0,76.92,0,0,1,0,2,235,311,11,7.94,28.27,21.36,3,2009/10,2015,2009/10-2015
J Yadav,4,38,40,23,10.0,105.26,0,0,2,1,4,398,447,8,6.74,55.88,49.75,2,2016,2021,2016-2021
JA Morkel,67,712,975,73,24.38,136.94,0,3,61,55,40,1807,2409,85,8.0,28.34,21.26,9,2007/08,2016,2007/08-2016
JA Richardson,3,27,17,15,5.67,62.96,0,0,2,0,3,94,162,3,10.34,54.0,31.33,2,2021,2024,2021-2024
JC Archer,23,132,199,27,15.31,150.76,0,0,11,14,13,987,1210,48,7.36,25.21,20.56,4,2018,2023,2018-2023
JC Buttler,106,2519,3583,124,37.72,142.24,7,19,356,161,95,0,0,0,,,,9,2016,2024,2016-2024
JD Ryder,29,466,604,86,21.57,129.61,0,4,69,19,28,241,314,8,7.82,39.25,30.12,3,2009,2012,2009-2012
JD Unadkat,27,170,197,26,12.31,115.88,0,0,16,7,16,2194,3219,99,8.8,32.52,22.16,10,2013,2024,2013-2024
JDP Oram,11,110,106,41,13.25,96.36,0,0,6,5,8,244,362,9,8.9,40.22,27.11,3,2007/08,2011,2007/08-2011
JDS Neesham,10,93,92,22,10.22,98.92,0,0,6,2,9,222,342,8,9.24,42.75,27.75,4,2014,2022,2014-2022
JE Root,1,15,10,10,10.0,66.67,0,0,1,0,1,12,15,0,7.5,,,1,2023,2023,2023-2023
JE Taylor,2,4,3,2,3.0,75.0,0,0,0,0,1,122,167,6,8.21,27.83,20.33,1,2011,2011,2011-2011
JEC Franklin,16,309,327,79,29.73,105.83,0,1,25,9,11,155,225,9,8.71,25.0,17.22,2,2011,2012,2011-2012
JH Kallis,95,2291,2427,89,28.55,105.94,0,17,255,44,85,1799,2348,65,7.83,36.12,27.68,7,2007/08,2014,2007/08-2014
JJ Bumrah,26,80,68,16,9.71,85.0,0,0,5,1,7,3185,3840,168,7.23,22.86,18.96,9,2014,2024,2014-2024
JJ Roy,21,460,614,91,32.32,133.48,0,4,75,21,19,0,0,0,,,,4,2017,2023,2017-2023
JJ van der Wath,3,17,18,14,9.0,105.88,0,0,1,1,2,76,134,3,10.58,44.67,25.33,1,2011,2011,2011-2011
JL Denly,1,1,0,0,0.0,0.0,0,0,0,0,1,0,0,0,,,,1,2019,2019,2019-2019
JL Pattinson,2,13,15,11,15.0,115.38,0,0,2,0,1,222,321,11,8.68,29.18,20.18,1,2020/21,2020/21,2020/21-2020/21
JM Bairstow,50,1132,1589,114,34.54,140.37,2,9,166,69,46,0,0,0,,,,5,2019,2024,2019-2024
JM Kemp,2,25,26,22,13.0,104.0,0,0,1,1,2,47,58,3,7.4,19.33,15.67,1,2009/10,2009/10,2009/10-2009/10
JM Sharma,36,501,730,49,22.81,145.71,0,0,53,45,32,0,0,0,,,,3,2022,2024,2022-2024
JO Holder,27,217,259,47,12.33,119.35,0,0,13,18,21,1049,1489,53,8.52,28.09,19.79,6,2014,2023,2014-2023
JP Behrendorff,2,9,6,3,,66.67,0,0,0,0,0,379,563,19,8.91,29.63,19.95,1,2023,2023,2023-2023
JP Duminy,75,1680,2029,78,39.78,120.77,0,14,126,79,51,701,847,23,7.25,36.83,30.48,8,2009,2018,2009-2018
JP Faulkner,45,406,527,46,20.27,129.8,0,0,36,23,26,1287,1849,61,8.62,30.31,21.1,6,2012,2017,2012-2017
JPR Scantlebury-Searles,2,6,8,6,8.0,133.33,0,0,0,1,1,45,89,2,11.87,44.5,22.5,1,2018,2018,2018-2018
JR Hazlewood,6,29,19,7,,65.52,0,0,1,0,0,622,830,35,8.01,23.71,17.77,2,2022,2023,2022-2023
JR Hopes,19,314,417,71,26.06,132.8,0,4,49,11,16,369,562,14,9.14,40.14,26.36,2,2007/08,2011,2007/08-2011
JR Philippe,5,80,78,33,19.5,97.5,0,0,9,1,4,0,0,0,,,,1,2020/21,2020/21,2020/21-2020/21
Jaskaran Singh,4,11,8,4,8.0,72.73,0,0,0,0,1,111,174,6,9.41,29.0,18.5,1,2009/10,2009/10,2009/10-2009/10
Joginder Sharma,5,30,36,16,9.0,120.0,0,0,1,2,4,272,421,12,9.29,35.08,22.67,3,2007/08,2011,2007/08-2011
K Goel,16,239,218,38,14.53,91.21,0,0,17,9,15,67,94,0,8.42,,,3,2007/08,2009/10,2007/08-2009/10
K Gowtham,27,159,247,33,13.72,155.35,0,0,15,17,18,599,825,21,8.26,39.29,28.52,5,2018,2023,2018-2023
K Kartikeya,2,13,9,6,4.5,69.23,0,0,1,0,2,241,334,10,8.32,33.4,24.1,2,2022,2023,2022-2023
K Rabada,28,207,206,44,12.12,99.52,0,0,16,8,17,1907,2652,120,8.34,22.1,15.89,7,2017,2024,2017-2024
K Upadhyay,2,9,12,11,,133.33,0,0,0,1,0,56,81,0,8.68,,,2,2012,2013,2012-2013
K Yadav,1,4,0,0,,0.0,0,0,0,0,0,54,85,2,9.44,42.5,27.0,1,2021,2021,2021-2021
KA Jamieson,7,55,65,16,16.25,118.18,0,0,5,3,4,179,271,9,9.08,30.11,19.89,1,2021,2021,2021-2021
KA Maharaj,1,2,1,1,1.0,50.0,0,0,0,0,1,36,39,2,6.5,19.5,18.0,1,2024,2024,2024-2024
KA Pollard,168,2447,3437,87,28.4,140.46,0,16,221,224,121,1586,2200,69,8.32,31.88,22.99,13,2009/10,2022,2009/10-2022
KAJ Roach,1,9,10,10,10.0,111.11,0,0,1,0,1,52,80,0,9.23,,,1,2009/10,2009/10,2009/10-2009/10
KB Arun Karthik,8,53,51,19,10.2,96.23,0,0,4,1,5,0,0,0,,,,3,2009/10,2013,2009/10-2013
KC Cariappa,5,21,24,12,8.0,114.29,0,0,0,2,3,224,349,8,9.35,43.62,28.0,3,2016,2019,2016-2019
KC Sangakkara,68,1424,1687,94,25.95,118.47,0,10,195,27,65,0,0,0,,,,6,2007/08,2013,2007/08-2013
KD Karthik,233,3687,4843,97,26.32,131.35,0,22,466,161,184,0,0,0,,,,17,2007/08,2024,2007/08-2024
KH Pandya,107,1287,1647,86,21.96,127.97,0,1,144,61,75,2183,2644,76,7.27,34.79,28.72,9,2016,2024,2016-2024
KJ Abbott,3,8,13,12,13.0,162.5,0,0,0,1,1,102,182,2,10.71,91.0,51.0,1,2016,2016,2016-2016
KK Ahmed,5,7,1,1,0.2,14.29,0,0,0,0,5,1345,1918,74,8.56,25.92,18.18,4,2019,2022,2019-2022
KK Cooper,12,70,116,32,12.89,165.71,0,0,9,8,9,600,789,33,7.89,23.91,18.18,3,2012,2014,2012-2014
KK Nair,68,1192,1496,83,23.75,125.5,0,10,161,39,63,0,0,0,,,,9,2013,2022,2013-2022
KL Nagarkoti,7,34,22,8,5.5,64.71,0,0,1,0,4,185,287,5,9.31,57.4,37.0,2,2020/21,2021,2020/21-2021
KL Rahul,122,3578,4689,132,44.66,131.05,4,37,400,187,105,0,0,0,,,,11,2013,2024,2013-2024
KM Asif,1,2,0,0,0.0,0.0,0,0,0,0,1,143,232,7,9.73,33.14,20.43,1,2023,2023,2023-2023
KM Jadhav,81,1012,1208,69,22.37,119.37,0,4,102,40,54,0,0,0,,,,12,2009/10,2023,2009/10-2023
KMA Paul,5,26,18,7,3.6,69.23,0,0,1,1,5,180,239,9,7.97,26.56,20.0,1,2019,2019,2019-2019
KMDN Kulasekara,1,3,5,5,,166.67,0,0,1,0,0,107,122,5,6.84,24.4,21.4,1,2012,2012,2012-2012
KP Appanna,3,4,2,1,2.0,50.0,0,0,0,0,1,222,291,9,7.86,32.33,24.67,2,2009,2009/10,2009-2009/10
KP Pietersen,36,758,1001,103,35.75,132.06,1,4,91,40,28,180,218,7,7.27,31.14,25.71,5,2009,2016,2009-2016
KR Mayers,13,276,379,73,29.15,137.32,0,4,38,22,13,46,59,0,7.7,,,1,2023,2023,2023-2023
KR Sen,1,3,0,0,,0.0,0,0,0,0,0,255,396,14,9.32,28.29,18.21,1,2022,2022,2022-2022
KS Bharat,8,168,199,78,28.43,118.45,0,1,12,8,7,0,0,0,,,,2,2021,2022,2021-2022
KS Sharma,3,25,16,9,5.33,64.0,0,0,1,0,3,0,0,0,,,,2,2022,2023,2022-2023
KS Williamson,76,1734,2132,89,35.53,122.95,0,18,187,64,60,18,31,0,10.33,,,9,2015,2024,2015-2024
KV Sharma,39,306,351,39,13.5,114.71,0,0,20,17,26,1520,2130,76,8.41,28.03,20.0,8,2009,2024,2009-2024
KW Richardson,4,39,36,26,12.0,92.31,0,0,2,1,3,345,479,19,8.33,25.21,18.16,3,2013,2016,2013-2016
Kamran Akmal,6,78,128,53,25.6,164.1,0,1,13,8,5,0,0,0,,,,1,2007/08,2007/08,2007/08-2007/08
Kamran Khan,1,5,3,3,3.0,60.0,0,0,0,0,1,177,248,10,8.41,24.8,17.7,1,2009,2009,2009-2009
Karanveer Singh,4,17,12,5,12.0,70.59,0,0,1,0,1,213,323,12,9.1,26.92,17.75,2,2014,2015,2014-2015
Kartik Tyagi,6,16,13,7,3.25,81.25,0,0,1,0,4,458,720,15,9.43,48.0,30.53,3,2020/21,2022,2020/21-2022
Kuldeep Yadav,32,224,183,35,15.25,81.7,0,0,16,3,12,1786,2413,87,8.11,27.74,20.53,7,2017,2024,2017-2024
Kumar Kushagra,3,7,3,2,1.0,42.86,0,0,0,0,3,0,0,0,,,,1,2024,2024,2024-2024
L Ablish,1,2,0,0,,0.0,0,0,0,0,0,45,76,3,10.13,25.33,15.0,1,2011,2011,2011-2011
L Balaji,13,50,36,15,4.5,72.0,0,0,2,1,8,1574,2083,76,7.94,27.41,20.71,6,2007/08,2014,2007/08-2014
L Ronchi,5,37,34,13,6.8,91.89,0,0,6,1,5,0,0,0,,,,2,2007/08,2009,2007/08-2009
L Wood,1,3,9,9,,300.0,0,0,0,1,0,38,94,1,14.84,94.0,38.0,1,2024,2024,2024-2024
LA Carseldine,5,71,81,39,20.25,114.08,0,0,11,0,4,7,6,1,5.14,6.0,7.0,1,2009,2009,2009-2009
LA Pomersbach,16,251,302,79,27.45,120.32,0,1,25,13,11,0,0,0,,,,4,2007/08,2013,2007/08-2013
LB Williams,1,2,1,1,,50.0,0,0,0,0,0,42,74,1,10.57,74.0,42.0,1,2024,2024,2024-2024
LE Plunkett,2,3,1,1,1.0,33.33,0,0,0,0,1,154,228,4,8.88,57.0,38.5,1,2018,2018,2018-2018
LH Ferguson,7,48,68,24,22.67,141.67,0,0,6,2,3,1002,1451,48,8.69,30.23,20.88,5,2017,2024,2017-2024
LJ Wright,5,63,106,44,21.2,168.25,0,0,16,3,5,75,125,2,10.0,62.5,37.5,1,2013,2013,2013-2013
LMP Simmons,29,878,1079,100,39.96,122.89,1,11,109,44,27,18,34,1,11.33,34.0,18.0,4,2014,2017,2014-2017
LPC Silva,3,27,40,23,20.0,148.15,0,0,5,1,2,6,21,0,21.0,,,1,2007/08,2007/08,2007/08-2007/08
LR Shukla,33,358,405,48,15.0,113.13,0,0,33,16,27,326,458,15,8.43,30.53,21.73,7,2007/08,2014,2007/08-2014
LRPL Taylor,54,847,1017,81,25.43,120.07,0,3,66,46,40,13,24,0,11.08,,,7,2007/08,2014,2007/08-2014
LS Livingstone,39,609,939,94,28.45,154.19,0,6,66,66,33,267,395,11,8.88,35.91,24.27,5,2019,2024,2019-2024
Lalit Yadav,21,301,305,48,19.06,101.33,0,0,27,7,16,294,430,10,8.78,43.0,29.4,4,2021,2024,2021-2024
Liton Das,1,4,4,4,4.0,100.0,0,0,1,0,1,0,0,0,,,,1,2023,2023,2023-2023
M Ashwin,12,50,35,9,3.89,70.0,0,0,2,1,9,898,1182,35,7.9,33.77,25.66,6,2016,2022,2016-2022
M Jansen,12,71,66,17,9.43,92.96,0,0,5,2,7,487,732,20,9.02,36.6,24.35,4,2021,2024,2021-2024
M Kaif,22,258,259,34,14.39,100.39,0,0,22,6,18,0,0,0,,,,4,2007/08,2012,2007/08-2012
M Kartik,14,109,113,21,16.14,103.67,0,0,7,1,7,1182,1418,31,7.2,45.74,38.13,6,2007/08,2013,2007/08-2013
M Klinger,4,78,73,29,18.25,93.59,0,0,9,0,4,0,0,0,,,,1,2011,2011,2011-2011
M Manhas,38,486,514,42,22.35,105.76,0,0,43,10,23,42,42,0,6.0,,,6,2009,2014,2009-2014
M Markande,10,44,48,18,16.0,109.09,0,0,5,1,3,737,1081,37,8.8,29.22,19.92,3,2018,2023,2018-2023
M Morkel,20,93,126,23,11.45,135.48,0,0,11,5,11,1699,2136,77,7.54,27.74,22.06,8,2009,2016,2009-2016
M Muralitharan,9,30,20,6,3.33,66.67,0,0,1,0,6,1581,1765,64,6.7,27.58,24.7,5,2007/08,2012,2007/08-2012
M Ntini,2,19,11,11,11.0,57.89,0,0,2,0,1,213,257,7,7.24,36.71,30.43,1,2007/08,2007/08,2007/08-2007/08
M Prasidh Krishna,7,24,9,4,3.0,37.5,0,0,0,0,3,1231,1741,50,8.49,34.82,24.62,5,2018,2022,2018-2022
M Rawat,11,70,55,23,11.0,78.57,0,0,4,1,5,0,0,0,,,,3,2007/08,2013,2007/08-2013
M Shahrukh Khan,37,413,553,58,19.75,133.9,0,1,35,37,28,12,16,0,8.0,,,4,2021,2024,2021-2024
M Theekshana,2,7,7,7,7.0,100.0,0,0,0,1,1,631,814,25,7.74,32.56,25.24,1,2022,2022,2022-2022
M Vijay,105,2208,2619,127,25.93,118.61,2,13,247,91,101,37,49,0,7.95,,,11,2009,2020/21,2009-2020/21
M Vohra,51,863,1083,95,22.1,125.49,0,3,104,43,49,0,0,0,,,,9,2013,2023,2013-2023
M de Lange,1,2,1,1,1.0,50.0,0,0,0,0,1,116,171,5,8.84,34.2,23.2,1,2014,2014,2014-2014
MA Agarwal,121,2081,2669,106,22.81,128.26,1,13,265,98,117,0,0,0,,,,14,2011,2024,2011-2024
MA Khote,3,22,24,9,12.0,109.09,0,0,2,1,2,30,52,2,10.4,26.0,15.0,1,2007/08,2007/08,2007/08-2007/08
MA Starc,16,109,105,29,11.67,96.33,0,0,11,0,9,879,1175,51,8.02,23.04,17.24,3,2014,2024,2014-2024
MA Wood,3,10,12,10,6.0,120.0,0,0,1,1,2,127,192,11,9.07,17.45,11.55,2,2018,2023,2018-2023
MC Henriques,54,801,1000,74,27.78,124.84,0,5,87,28,36,979,1302,42,7.98,31.0,23.31,8,2009,2021,2009-2021
MC Juneja,7,134,125,49,17.86,93.28,0,0,11,1,7,0,0,0,,,,1,2013,2013,2013-2013
MD Mishra,17,213,237,41,14.81,111.27,0,0,24,8,16,0,0,0,,,,3,2009/10,2012,2009/10-2012
MD Shanaka,3,26,26,17,13.0,100.0,0,0,2,1,2,0,0,0,,,,1,2023,2023,2023-2023
MDKJ Perera,2,13,14,14,7.0,107.69,0,0,3,0,2,0,0,0,,,,1,2013,2013,2013-2013
MEK Hussey,58,1648,1977,116,38.76,119.96,1,15,198,52,51,0,0,0,,,,7,2007/08,2015,2007/08-2015
MF Maharoof,14,124,177,39,17.7,142.74,0,0,12,9,10,441,532,27,7.24,19.7,16.33,3,2007/08,2009/10,2007/08-2009/10
MG Bracewell,4,49,58,26,29.0,118.37,0,0,6,1,2,66,95,6,8.64,15.83,11.0,1,2023,2023,2023-2023
MG Johnson,28,168,167,16,12.85,99.4,0,0,10,7,13,1301,1740,62,8.02,28.06,20.98,6,2013,2018,2013-2018
MJ Clarke,6,96,98,41,16.33,102.08,0,0,12,0,6,66,72,2,6.55,36.0,33.0,1,2012,2012,2012-2012
MJ Guptill,13,197,271,50,22.58,137.56,0,1,24,15,12,0,0,0,,,,3,2016,2019,2016-2019
MJ Lumb,12,198,278,83,23.17,140.4,0,1,45,6,12,0,0,0,,,,2,2009/10,2011,2009/10-2011
MJ McClenaghan,20,73,85,20,6.54,116.44,0,0,5,7,13,1346,1839,71,8.2,25.9,18.96,5,2015,2019,2015-2019
MJ Santner,11,77,70,22,11.67,90.91,0,0,4,3,6,370,428,15,6.94,28.53,24.67,4,2019,2024,2019-2024
MJ Suthar,1,2,1,1,1.0,50.0,0,0,0,0,1,12,26,0,13.0,,,1,2024,2024,2024-2024
MK Lomror,35,389,527,54,18.17,135.48,0,1,33,30,29,94,127,1,8.11,127.0,94.0,7,2018,2024,2018-2024
MK Pandey,158,3288,3859,114,29.02,117.37,1,22,335,111,133,0,0,0,,,,17,2007/08,2024,2007/08-2024
MK Tiwary,83,1489,1695,75,28.73,113.83,0,7,156,40,59,45,83,1,11.07,83.0,45.0,10,2007/08,2018,2007/08-2018
ML Hayden,32,839,1107,93,35.71,131.94,0,8,121,44,31,0,0,0,,,,3,2007/08,2009/10,2007/08-2009/10
MM Ali,57,849,1162,93,22.78,136.87,0,6,95,67,51,770,900,35,7.01,25.71,22.0,7,2018,2024,2018-2024
MM Patel,12,41,39,23,6.5,95.12,0,0,5,0,6,1382,1733,74,7.52,23.42,18.68,6,2007/08,2017,2007/08-2017
MM Sharma,28,137,124,21,7.29,90.51,0,0,9,4,17,2308,3278,132,8.52,24.83,17.48,9,2013,2024,2013-2024
MN Samuels,14,174,161,46,12.38,92.53,0,0,9,7,13,219,285,9,7.81,31.67,24.33,3,2012,2017,2012-2017
MN van Wyk,5,135,167,74,55.67,123.7,0,1,19,1,3,0,0,0,,,,1,2009,2009,2009-2009
MP Stoinis,88,1366,1866,124,28.27,136.6,1,9,150,91,66,831,1300,43,9.39,30.23,19.33,9,2016,2024,2016-2024
MR Marsh,36,532,665,89,19.56,125.0,0,3,48,38,34,593,803,37,8.12,21.7,16.03,8,2009/10,2024,2009/10-2024
MS Bisla,39,737,798,92,21.0,108.28,0,4,93,23,38,0,0,0,,,,6,2009/10,2015,2009/10-2015
MS Dhoni,228,3947,5243,84,39.13,132.84,0,24,363,252,134,0,0,0,,,,17,2007/08,2024,2007/08-2024
MS Gony,15,76,99,42,9.9,130.26,0,0,6,8,10,925,1317,37,8.54,35.59,25.0,6,2007/08,2013,2007/08-2013
MS Wade,14,185,183,35,13.07,98.92,0,0,23,2,14,0,0,0,,,,3,2011,2024,2011-2024
MV Boucher,23,318,394,50,28.14,123.9,0,1,32,13,14,0,0,0,,,,4,2007/08,2011,2007/08-2011
MW Short,6,99,117,36,19.5,118.18,0,0,15,4,6,25,25,0,6.0,,,1,2023,2023,2023-2023
Mandeep Singh,97,1418,1706,77,20.8,120.31,0,6,176,38,82,12,26,0,13.0,,,13,2009/10,2023,2009/10-2023
Mashrafe Mortaza,1,2,2,2,,100.0,0,0,0,0,0,28,59,0,12.64,,,1,2009,2009,2009-2009
Mayank Dagar,1,1,0,0,0.0,0.0,0,0,0,0,1,138,205,2,8.91,102.5,69.0,1,2024,2024,2024-2024
Misbah-ul-Haq,8,82,117,47,16.71,142.68,0,0,10,6,7,0,0,0,,,,1,2007/08,2007/08,2007/08-2007/08
Mohammad Ashraful,1,12,2,2,2.0,16.67,0,0,0,0,1,0,0,0,,,,1,2009,2009,2009-2009
Mohammad Asif,2,6,3,3,1.5,50.0,0,0,0,0,2,199,307,8,9.26,38.38,24.88,1,2007/08,2007/08,2007/08-2007/08
Mohammad Hafeez,8,84,64,16,9.14,76.19,0,0,7,2,7,63,71,2,6.76,35.5,31.5,1,2007/08,2007/08,2007/08-2007/08
Mohammad Nabi,19,157,221,37,13.0,140.76,0,0,18,12,17,419,527,15,7.55,35.13,27.93,6,2017,2024,2017-2024
Mohammed Shami,23,82,74,21,5.69,90.24,0,0,6,2,13,2521,3486,127,8.3,27.45,19.85,9,2013,2023,2013-2023
Mohammed Siraj,20,122,109,14,10.9,89.34,0,0,10,4,10,2081,2894,93,8.34,31.12,22.38,7,2018,2024,2018-2024
Mohit Rathee,1,2,1,1,,50.0,0,0,0,0,0,12,29,0,14.5,,,1,2023,2023,2023-2023
Mohsin Khan,5,27,25,13,8.33,92.59,0,0,2,1,3,507,698,27,8.26,25.85,18.78,3,2022,2024,2022-2024
Mujeeb Ur Rahman,6,15,12,10,4.0,80.0,0,0,2,0,3,452,598,19,7.94,31.47,23.79,4,2018,2021,2018-2021
Mukesh Choudhary,2,6,6,4,6.0,100.0,0,0,1,0,1,298,452,16,9.1,28.25,18.62,1,2022,2022,2022-2022
Mukesh Kumar,5,20,10,6,10.0,50.0,0,0,0,0,1,420,707,24,10.1,29.46,17.5,2,2023,2024,2023-2024
Mustafizur Rahman,6,23,13,8,13.0,56.52,0,0,0,1,1,1353,1792,61,7.95,29.38,22.18,4,2018,2023,2018-2023
N Jagadeesan,10,155,162,39,18.0,104.52,0,0,21,2,9,0,0,0,,,,3,2020/21,2023,2020/21-2023
N Pooran,72,1143,1769,77,31.04,154.77,0,9,113,127,57,0,0,0,,,,6,2019,2024,2019-2024
N Rana,101,2015,2636,87,28.34,130.82,0,18,234,132,93,185,253,10,8.21,25.3,18.5,9,2016,2024,2016-2024
N Saini,10,143,140,50,14.0,97.9,0,1,16,0,10,0,0,0,,,,1,2012,2012,2012-2012
N Wadhera,16,261,350,64,23.33,134.1,0,2,32,18,15,12,13,0,6.5,,,2,2023,2024,2023-2024
ND Doshi,1,13,0,0,0.0,0.0,0,0,0,0,1,57,79,2,8.32,39.5,28.5,1,2011,2011,2011-2011
NJ Maddinson,3,21,20,12,6.67,95.24,0,0,4,0,3,0,0,0,,,,2,2014,2015,2014-2015
NJ Rimmington,1,1,1,1,,100.0,0,0,0,0,0,18,20,0,6.67,,,1,2011,2011,2011-2011
NK Patel,6,124,121,57,30.25,97.58,0,1,14,1,4,0,0,0,,,,2,2007/08,2009,2007/08-2009
NL McCullum,2,23,26,15,26.0,113.04,0,0,0,1,1,30,35,0,7.0,,,1,2011,2011,2011-2011
NLTC Perera,30,326,424,40,19.27,130.06,0,0,23,26,22,715,1031,31,8.65,33.26,23.06,5,2011,2016,2011-2016
NM Coulter-Nile,16,75,82,24,7.45,109.33,0,0,7,4,11,892,1125,48,7.57,23.44,18.58,7,2013,2022,2013-2022
NS Naik,4,53,31,22,7.75,58.49,0,0,2,0,4,0,0,0,,,,3,2016,2020/21,2016-2020/21
NT Ellis,5,26,19,12,4.75,73.08,0,0,0,1,4,365,514,18,8.45,28.56,20.28,3,2021,2023,2021-2023
NV Ojha,94,1360,1554,94,20.72,114.26,0,6,121,79,75,0,0,0,,,,10,2009,2018,2009-2018
Naman Dhir,7,84,140,62,23.33,166.67,0,1,12,10,6,29,55,0,11.38,,,1,2024,2024,2024-2024
Navdeep Saini,7,38,33,12,8.25,86.84,0,0,3,0,4,682,968,24,8.52,40.33,28.42,4,2019,2022,2019-2022
Naveen-ul-Haq,4,26,18,13,18.0,69.23,0,0,2,0,1,407,602,25,8.87,24.08,16.28,2,2023,2024,2023-2024
Nithish Kumar Reddy,11,221,303,76,33.67,137.1,0,2,15,21,9,118,208,3,10.58,69.33,39.33,1,2024,2024,2024-2024
Noor Ahmad,5,18,13,7,3.25,72.22,0,0,2,0,4,513,672,24,7.86,28.0,21.38,2,2023,2024,2023-2024
OA Shah,22,405,506,76,33.73,124.94,0,4,34,23,15,0,0,0,,,,4,2009/10,2013,2009/10-2013
OC McCoy,1,5,8,8,8.0,160.0,0,0,0,1,1,180,255,11,8.5,23.18,16.36,1,2022,2022,2022-2022
OF Smith,6,50,51,25,17.0,102.0,0,0,1,5,3,95,179,6,11.31,29.83,15.83,1,2022,2022,2022-2022
P Awana,5,14,5,4,2.5,35.71,0,0,0,0,2,774,1046,39,8.11,26.82,19.85,2,2012,2013,2012-2013
P Chopra,1,6,8,8,8.0,133.33,0,0,2,0,1,0,0,0,,,,1,2018,2018,2018-2018
P Dogra,12,141,127,41,11.55,90.07,0,0,4,5,11,0,0,0,,,,3,2009/10,2013,2009/10-2013
P Dubey,2,33,23,16,23.0,69.7,0,0,2,0,1,67,91,1,8.15,91.0,67.0,2,2020/21,2023,2020/21-2023
P Kumar,57,323,340,34,8.95,105.26,0,0,22,17,38,2637,3342,90,7.6,37.13,29.3,10,2007/08,2017,2007/08-2017
P Negi,35,301,365,36,14.04,121.26,0,0,27,16,26,733,954,34,7.81,28.06,21.56,6,2012,2019,2012-2019
P Parameswaran,2,3,1,1,,33.33,0,0,0,0,0,159,226,9,8.53,25.11,17.67,2,2011,2012,2011-2012
P Ray Barman,1,25,19,19,19.0,76.0,0,0,2,0,1,24,56,0,14.0,,,1,2019,2019,2019-2019
P Sahu,2,13,19,18,19.0,146.15,0,0,1,1,1,107,152,3,8.52,50.67,35.67,1,2016,2016,2016-2016
P Simran Singh,34,528,756,103,22.24,143.18,1,3,78,41,34,0,0,0,,,,6,2019,2024,2019-2024
PA Patel,136,2442,2848,81,22.6,116.63,0,13,365,49,126,0,0,0,,,,12,2007/08,2019,2007/08-2019
PA Reddy,10,167,164,42,16.4,98.2,0,0,15,2,10,0,0,0,,,,2,2012,2013,2012-2013
PBB Rajapaksa,13,201,277,50,21.31,137.81,0,1,22,15,13,0,0,0,,,,2,2022,2023,2022-2023
PC Valthaty,23,432,505,120,22.95,116.9,1,2,61,20,22,153,207,7,8.12,29.57,21.86,4,2009,2013,2009-2013
PD Collingwood,7,159,203,75,40.6,127.67,0,3,9,13,5,90,101,5,6.73,20.2,18.0,1,2009/10,2009/10,2009/10-2009/10
PD Salt,21,385,653,89,34.37,169.61,0,6,74,34,19,0,0,0,,,,2,2023,2024,2023-2024
PJ Cummins,39,359,515,66,19.81,143.45,0,3,33,34,26,1370,1976,63,8.65,31.37,21.75,6,2015,2024,2015-2024
PJ Sangwan,14,47,26,6,3.25,55.32,0,0,1,0,8,905,1267,38,8.4,33.34,23.82,7,2007/08,2022,2007/08-2022
PK Garg,19,247,273,51,15.17,110.53,0,1,16,9,18,0,0,0,,,,4,2020/21,2023,2020/21-2023
PM Sarvesh Kumar,1,2,1,1,,50.0,0,0,0,0,0,31,42,1,8.13,42.0,31.0,1,2007/08,2007/08,2007/08-2007/08
PN Mankad,5,75,97,64,32.33,129.33,0,1,13,2,3,0,0,0,,,,2,2022,2023,2022-2023
PP Chawla,86,580,624,24,11.14,107.59,0,0,56,20,56,3895,5179,192,7.98,26.97,20.29,15,2007/08,2024,2007/08-2024
PP Ojha,19,45,16,3,1.33,35.56,0,0,0,0,12,1945,2399,89,7.4,26.96,21.85,6,2007/08,2014,2007/08-2014
PP Shaw,79,1321,1892,99,23.95,143.22,0,14,238,61,79,0,0,0,,,,7,2018,2024,2018-2024
PR Shah,9,97,92,29,11.5,94.85,0,0,9,2,8,0,0,0,,,,3,2007/08,2011,2007/08-2011
PSP Handscomb,1,12,6,6,6.0,50.0,0,0,0,0,1,0,0,0,,,,1,2016,2016,2016-2016
PV Tambe,6,39,18,7,9.0,46.15,0,0,1,0,2,674,866,28,7.71,30.93,24.07,4,2013,2016,2013-2016
PVD Chameera,7,32,43,17,10.75,134.38,0,0,3,3,4,297,442,9,8.93,49.11,33.0,1,2022,2022,2022-2022
PWH de Silva,14,80,72,18,7.2,90.0,0,0,7,1,10,557,758,35,8.17,21.66,15.91,3,2021,2023,2021-2023
Pankaj Singh,5,12,7,4,3.5,58.33,0,0,0,0,2,311,472,11,9.11,42.91,28.27,3,2007/08,2009/10,2007/08-2009/10
Parvez Rasool,4,20,17,10,8.5,85.0,0,0,1,0,2,200,273,4,8.19,68.25,50.0,3,2013,2016,2013-2016
Q de Kock,107,2410,3160,140,30.98,131.12,2,23,316,123,102,0,0,0,,,,11,2013,2024,2013-2024
R Ashwin,89,698,800,50,13.33,114.61,0,1,61,28,60,4679,5435,180,6.97,30.19,25.99,15,2009,2024,2009-2024
R Bhatia,47,290,342,26,11.4,117.93,0,0,24,13,30,1661,2059,71,7.44,29.0,23.39,10,2007/08,2017,2007/08-2017
R Bishnoi,3,17,19,18,6.33,111.76,0,0,1,2,3,0,0,0,,,,1,2009,2009,2009-2009
R Dhawan,22,188,210,25,19.09,111.7,0,0,18,7,11,693,922,25,7.98,36.88,27.72,6,2013,2023,2013-2023
R Dravid,82,1918,2174,75,28.23,113.35,0,11,269,28,77,0,0,0,,,,6,2007/08,2013,2007/08-2013
R McLaren,13,178,159,51,19.88,89.33,0,1,14,1,8,372,558,12,9.0,46.5,31.0,3,2009/10,2013,2009/10-2013
R Ninan,1,6,3,3,3.0,50.0,0,0,0,0,1,36,65,3,10.83,21.67,12.0,1,2011,2011,2011-2011
R Parag,58,909,1173,84,24.44,129.04,0,6,84,60,48,181,307,4,10.18,76.75,45.25,6,2019,2024,2019-2024
R Powell,22,254,360,67,18.95,141.73,0,1,21,28,19,21,35,1,10.0,35.0,21.0,3,2022,2024,2022-2024
R Rampaul,7,52,51,23,10.2,98.08,0,0,3,2,5,278,319,16,6.88,19.94,17.38,2,2013,2014,2013-2014
R Ravindra,10,146,222,61,22.2,152.05,0,1,22,12,10,12,7,0,3.5,,,1,2024,2024,2024-2024
R Sai Kishore,1,6,13,13,13.0,216.67,0,0,0,2,1,191,259,13,8.14,19.92,14.69,1,2024,2024,2024-2024
R Sanjay Yadav,1,2,0,0,0.0,0.0,0,0,0,0,1,14,23,0,9.86,,,1,2022,2022,2022-2022
R Sathish,24,236,270,27,15.88,114.41,0,0,22,6,17,144,233,3,9.71,77.67,48.0,4,2009/10,2016,2009/10-2016
R Sharma,19,77,66,14,4.71,85.71,0,0,5,3,14,935,1100,40,7.06,27.5,23.38,4,2009/10,2013,2009/10-2013
R Shepherd,9,68,115,39,23.0,169.12,0,0,7,10,5,133,260,4,11.73,65.0,33.25,3,2022,2024,2022-2024
R Shukla,4,23,19,14,19.0,82.61,0,0,2,0,1,130,217,5,10.02,43.4,26.0,2,2013,2014,2013-2014
R Tewatia,65,788,1013,53,25.32,128.55,0,1,84,47,40,866,1117,32,7.74,34.91,27.06,9,2014,2024,2014-2024
R Vinay Kumar,42,289,310,26,11.07,107.27,0,0,21,9,28,2186,3041,105,8.35,28.96,20.82,10,2007/08,2018,2007/08-2018
RA Bawa,2,14,11,11,5.5,78.57,0,0,1,0,2,0,0,0,,,,1,2022,2022,2022-2022
RA Jadeja,180,2378,2959,62,27.4,124.43,0,3,215,107,108,3895,4917,160,7.57,30.73,24.34,16,2007/08,2024,2007/08-2024
RA Tripathi,93,1650,2236,93,26.94,135.52,0,12,223,84,83,6,12,0,12.0,,,8,2017,2024,2017-2024
RD Chahar,22,127,129,25,8.06,101.57,0,0,13,5,16,1697,2165,75,7.65,28.87,22.63,7,2017,2024,2017-2024
RD Gaikwad,65,1781,2380,108,41.75,133.63,2,18,217,91,57,0,0,0,,,,5,2020/21,2024,2020/21-2024
RE Levi,6,74,83,50,13.83,112.16,0,1,10,4,6,0,0,0,,,,1,2012,2012,2012-2012
RE van der Merwe,15,144,159,35,14.45,110.42,0,0,11,8,11,455,515,21,6.79,24.52,21.67,4,2009,2013,2009-2013
RG More,1,2,2,2,,100.0,0,0,0,0,0,37,63,1,10.22,63.0,37.0,1,2015,2015,2015-2015
RG Sharma,251,5183,6630,109,29.73,127.92,2,43,599,281,223,349,462,15,7.94,30.8,23.27,17,2007/08,2024,2007/08-2024
RJ Gleeson,1,2,2,2,,100.0,0,0,0,0,0,51,72,1,8.47,72.0,51.0,1,2024,2024,2024-2024
RJ Harris,21,112,117,17,9.75,104.46,0,0,6,3,12,865,1085,45,7.53,24.11,19.22,5,2009,2013,2009-2013
RJ Peterson,5,32,32,16,10.67,100.0,0,0,3,1,3,48,70,3,8.75,23.33,16.0,1,2012,2012,2012-2012
RJ Quiney,7,105,103,51,14.71,98.1,0,1,12,3,7,0,0,0,,,,1,2009,2009,2009-2009
RJW Topley,1,6,3,3,,50.0,0,0,0,0,0,107,182,5,10.21,36.4,21.4,1,2024,2024,2024-2024
RK Bhui,4,27,10,7,2.5,37.04,0,0,0,0,4,0,0,0,,,,3,2018,2024,2018-2024
RK Singh,40,654,893,67,30.79,136.54,0,4,67,46,29,0,0,0,,,,6,2018,2024,2018-2024
RM Patidar,24,534,799,112,34.74,149.63,1,7,51,54,23,0,0,0,,,,3,2021,2024,2021-2024
RN ten Doeschate,21,238,326,70,23.29,136.97,0,1,26,15,14,83,94,2,6.8,47.0,41.5,5,2011,2015,2011-2015
RP Meredith,2,3,0,0,,0.0,0,0,0,0,0,415,621,19,8.98,32.68,21.84,2,2022,2023,2022-2023
RP Singh,28,78,52,10,3.47,66.67,0,0,2,1,15,1874,2417,90,7.74,26.86,20.82,5,2007/08,2012,2007/08-2012
RR Bhatkal,1,2,0,0,0.0,0.0,0,0,0,0,1,12,35,0,17.5,,,1,2012,2012,2012-2012
RR Pant,110,2296,3297,128,35.45,143.6,1,18,298,154,93,0,0,0,,,,8,2016,2024,2016-2024
RR Powar,9,64,67,28,22.33,104.69,0,0,6,1,3,443,538,13,7.29,41.38,34.08,4,2007/08,2011,2007/08-2011
RR Raje,5,18,20,11,20.0,111.11,0,0,1,1,1,144,214,6,8.92,35.67,24.0,2,2007/08,2009,2007/08-2009
RR Rossouw,22,321,473,82,23.65,147.35,0,2,45,25,20,0,0,0,,,,4,2014,2024,2014-2024
RR Sarwan,4,78,73,31,18.25,93.59,0,0,6,1,4,0,0,0,,,,1,2007/08,2007/08,2007/08-2007/08
RS Bopara,22,468,531,84,29.5,113.46,0,3,39,16,18,213,301,11,8.48,27.36,19.36,3,2009,2015,2009-2015
RS Gavaskar,1,8,2,2,2.0,25.0,0,0,0,0,1,6,8,0,8.0,,,1,2009/10,2009/10,2009/10-2009/10
RS Sodhi,1,2,4,4,,200.0,0,0,1,0,0,0,0,0,,,,1,2009/10,2009/10,2009/10-2009/10
RT Ponting,9,129,91,28,10.11,70.54,0,0,5,2,9,0,0,0,,,,2,2007/08,2013,2007/08-2013
RV Gomez,9,53,50,26,10.0,94.34,0,0,5,1,5,97,130,5,8.04,26.0,19.4,2,2011,2013,2011-2013
RV Patel,7,76,80,23,16.0,105.26,0,0,6,2,5,20,22,0,6.6,,,3,2021,2023,2021-2023
RV Uthappa,197,3927,4954,88,27.52,126.15,0,27,481,182,180,0,0,0,,,,15,2007/08,2022,2007/08-2022
Rahmanullah Gurbaz,13,228,289,81,22.23,126.75,0,2,24,19,13,0,0,0,,,,2,2023,2024,2023-2024
Ramandeep Singh,13,106,170,35,28.33,160.38,0,0,8,13,6,45,64,6,8.53,10.67,7.5,2,2022,2024,2022-2024
Rashid Khan,58,355,545,79,14.73,153.52,0,1,39,38,37,2901,3340,149,6.91,22.42,19.47,8,2017,2024,2017-2024
Rasikh Salam,6,40,40,10,8.0,100.0,0,0,5,0,5,207,341,9,9.88,37.89,23.0,3,2019,2024,2019-2024
Ravi Bishnoi,14,52,32,6,4.0,61.54,0,0,2,0,8,1460,1861,63,7.65,29.54,23.17,5,2020/21,2024,2020/21-2024
S Anirudha,12,121,136,64,17.0,112.4,0,1,9,7,8,0,0,0,,,,6,2007/08,2014,2007/08-2014
S Aravind,10,59,59,14,14.75,100.0,0,0,7,0,4,788,1057,45,8.05,23.49,17.51,4,2011,2017,2011-2017
S Badree,5,25,13,8,2.6,52.0,0,0,0,0,5,263,329,11,7.51,29.91,23.91,1,2017,2017,2017-2017
S Badrinath,65,1245,1441,71,30.66,115.74,0,11,154,28,47,0,0,0,,,,6,2007/08,2013,2007/08-2013
S Chanderpaul,3,33,25,16,8.33,75.76,0,0,4,0,3,0,0,0,,,,1,2007/08,2007/08,2007/08-2007/08
S Dhawan,221,5483,6769,106,35.07,123.45,2,51,768,153,193,49,72,4,8.82,18.0,12.25,17,2007/08,2024,2007/08-2024
S Dube,61,1077,1502,95,30.04,139.46,0,9,86,101,50,117,190,5,9.74,38.0,23.4,6,2019,2024,2019-2024
S Gopal,22,173,180,24,12.86,104.05,0,0,19,2,14,1000,1358,52,8.15,26.12,19.23,8,2014,2022,2014-2022
S Kaul,9,36,20,7,5.0,55.56,0,0,1,0,4,1238,1772,58,8.59,30.55,21.34,6,2013,2021,2013-2021
S Kaushik,1,1,0,0,0.0,0.0,0,0,0,0,1,210,304,6,8.69,50.67,35.0,1,2016,2016,2016-2016
S Ladda,2,10,0,0,0.0,0.0,0,0,0,0,1,141,225,5,9.57,45.0,28.2,1,2009/10,2009/10,2009/10-2009/10
S Lamichhane,1,1,0,0,0.0,0.0,0,0,0,0,1,211,297,13,8.45,22.85,16.23,1,2019,2019,2019-2019
S Nadeem,20,88,39,6,2.79,44.32,0,0,2,0,14,1444,1800,48,7.48,37.5,30.08,10,2011,2021,2011-2021
S Narwal,4,29,37,23,12.33,127.59,0,0,6,0,3,113,203,5,10.78,40.6,22.6,2,2009/10,2013,2009/10-2013
S Rana,8,82,91,19,22.75,110.98,0,0,9,1,4,16,18,0,6.75,,,2,2011,2014,2011-2014
S Randiv,1,4,2,2,2.0,50.0,0,0,0,0,1,180,223,6,7.43,37.17,30.0,1,2011,2011,2011-2011
S Sohal,20,311,368,62,18.4,118.33,0,2,34,18,20,0,0,0,,,,3,2007/08,2011,2007/08-2011
S Sreesanth,12,57,34,15,8.5,59.65,0,0,6,0,4,947,1221,40,7.74,30.52,23.68,5,2007/08,2013,2007/08-2013
S Sriram,2,38,31,27,15.5,81.58,0,0,3,0,2,18,49,0,16.33,,,2,2009/10,2011,2009/10-2011
S Tyagi,1,4,3,3,3.0,75.0,0,0,0,0,1,220,304,6,8.29,50.67,36.67,1,2009/10,2009/10,2009/10-2009/10
S Vidyut,8,115,145,54,18.12,126.09,0,1,21,3,8,13,22,1,10.15,22.0,13.0,1,2007/08,2007/08,2007/08-2007/08
SA Abbott,3,18,22,14,7.33,122.22,0,0,1,2,3,59,104,1,10.58,104.0,59.0,2,2015,2022,2015-2022
SA Asnodkar,19,352,423,60,21.15,120.17,0,2,56,10,20,0,0,0,,,,4,2007/08,2011,2007/08-2011
SA Yadav,135,2522,3594,103,31.81,142.51,2,24,385,130,113,6,8,0,8.0,,,12,2012,2024,2012-2024
SB Bangar,7,58,49,17,7.0,84.48,0,0,1,3,7,153,221,4,8.67,55.25,38.25,2,2007/08,2009,2007/08-2009
SB Dubey,3,21,33,25,16.5,157.14,0,0,3,2,2,0,0,0,,,,1,2024,2024,2024-2024
SB Jakati,5,30,28,13,28.0,93.33,0,0,3,0,1,1101,1474,47,8.03,31.36,23.43,3,2009,2016,2009-2016
SB Joshi,2,16,6,3,3.0,37.5,0,0,0,0,2,55,82,1,8.95,82.0,55.0,1,2007/08,2007/08,2007/08-2007/08
SB Styris,10,134,131,36,18.71,97.76,0,0,10,3,7,222,278,8,7.51,34.75,27.75,3,2007/08,2011,2007/08-2011
SB Wagh,2,3,2,2,1.0,66.67,0,0,0,0,2,108,147,5,8.17,29.4,21.6,1,2011,2011,2011-2011
SC Ganguly,56,1326,1349,91,25.45,101.73,0,7,137,42,53,280,370,10,7.93,37.0,28.0,5,2007/08,2012,2007/08-2012
SD Chitnis,8,92,99,38,14.14,107.61,0,0,10,2,7,38,62,2,9.79,31.0,19.0,4,2007/08,2012,2007/08-2012
SD Hope,9,125,183,41,22.88,146.4,0,0,12,12,8,0,0,0,,,,1,2024,2024,2024-2024
SD Lad,1,13,15,15,15.0,115.38,0,0,1,1,1,0,0,0,,,,1,2019,2019,2019-2019
SE Bond,1,2,1,1,1.0,50.0,0,0,0,0,1,191,225,9,7.07,25.0,21.22,1,2009/10,2009/10,2009/10-2009/10
SE Marsh,69,1913,2489,115,39.51,130.11,1,20,269,78,63,0,0,0,,,,9,2007/08,2017,2007/08-2017
SE Rutherford,9,107,106,28,15.14,99.07,0,0,3,8,7,46,60,1,7.83,60.0,46.0,2,2019,2022,2019-2022
SH Johnson,3,7,6,5,,85.71,0,0,1,0,0,99,155,4,9.39,38.75,24.75,1,2024,2024,2024-2024
SJ Srivastava,4,5,5,3,5.0,100.0,0,0,0,0,1,306,444,14,8.71,31.71,21.86,2,2009/10,2011,2009/10-2011
SK Raina,200,4177,5536,100,32.37,132.54,1,39,506,204,171,930,1139,25,7.35,45.56,37.2,13,2007/08,2021,2007/08-2021
SK Trivedi,14,61,42,9,6.0,68.85,0,0,3,1,7,1557,1944,65,7.49,29.91,23.95,6,2007/08,2013,2007/08-2013
SK Warne,27,219,198,34,9.9,90.41,0,0,14,6,20,1223,1465,57,7.19,25.7,21.46,4,2007/08,2011,2007/08-2011
SL Malinga,20,103,88,17,5.5,85.44,0,0,6,5,16,2974,3486,170,7.03,20.51,17.49,8,2009,2017,2009-2017
SM Curran,48,673,883,63,25.23,131.2,0,5,74,37,35,1234,1924,58,9.35,33.17,21.28,5,2019,2024,2019-2024
SM Harwood,2,14,9,6,,64.29,0,0,0,0,0,67,74,3,6.63,24.67,22.33,1,2009,2009,2009-2009
SM Katich,11,191,241,75,24.1,126.18,0,2,26,8,10,0,0,0,,,,2,2007/08,2009,2007/08-2009
SM Pollock,8,116,147,33,18.38,126.72,0,0,12,8,8,280,307,11,6.58,27.91,25.45,1,2007/08,2007/08,2007/08-2007/08
SMSM Senanayake,4,17,10,7,10.0,58.82,0,0,0,0,1,195,211,9,6.49,23.44,21.67,1,2013,2013,2013-2013
SN Khan,36,456,585,67,22.5,128.29,0,1,63,14,26,2,6,0,18.0,,,8,2015,2023,2015-2023
SN Thakur,35,228,307,68,12.28,134.65,0,1,27,13,25,1979,2908,94,8.82,30.94,21.05,9,2015,2024,2015-2024
SO Hetmyer,65,854,1243,75,31.07,145.55,0,4,76,82,40,0,0,0,,,,6,2019,2024,2019-2024
SP Fleming,10,171,196,45,21.78,114.62,0,0,27,3,9,0,0,0,,,,1,2007/08,2007/08,2007/08-2007/08
SP Goswami,21,307,293,52,14.65,95.44,0,1,32,3,20,0,0,0,,,,7,2007/08,2020/21,2007/08-2020/21
SP Jackson,8,57,61,16,10.17,107.02,0,0,5,1,6,0,0,0,,,,2,2017,2022,2017-2022
SP Narine,106,984,1534,109,17.04,155.89,1,7,164,97,90,4146,4672,180,6.76,25.96,23.03,13,2012,2024,2012-2024
SPD Smith,93,1999,2495,101,34.65,124.81,1,11,226,60,72,2,5,0,15.0,,,9,2012,2021,2012-2021
SR Tendulkar,78,2044,2334,100,33.83,114.19,1,13,296,29,69,37,59,0,9.57,,,6,2007/08,2013,2007/08-2013
SR Watson,141,2892,3880,117,30.79,134.16,4,21,377,190,126,2137,2742,92,7.7,29.8,23.23,12,2007/08,2020/21,2007/08-2020/21
SS Cottrell,1,2,0,0,0.0,0.0,0,0,0,0,1,131,177,6,8.11,29.5,21.83,1,2020/21,2020/21,2020/21-2020/21
SS Iyer,114,2545,3131,96,31.95,123.03,0,21,272,113,98,6,7,0,7.0,,,9,2015,2024,2015-2024
SS Prabhudessai,10,113,126,34,12.6,111.5,0,0,11,4,10,0,0,0,,,,3,2022,2024,2022-2024
SS Shaikh,1,7,6,6,6.0,85.71,0,0,1,0,1,0,0,0,,,,1,2009,2009,2009-2009
SS Tiwary,73,1291,1494,61,28.73,115.72,0,8,111,50,52,0,0,0,,,,11,2007/08,2021,2007/08-2021
ST Jayasuriya,30,573,768,114,27.43,134.03,1,4,84,39,28,301,396,13,7.89,30.46,23.15,3,2007/08,2009/10,2007/08-2009/10
STR Binny,66,700,880,48,19.13,125.71,0,0,66,35,46,611,763,22,7.49,34.68,27.77,10,2009/10,2019,2009/10-2019
SV Samson,162,3270,4419,119,30.69,135.14,3,25,352,206,144,0,0,0,,,,12,2013,2024,2013-2024
SW Billings,27,399,503,56,19.35,126.07,0,3,40,20,26,0,0,0,,,,5,2016,2022,2016-2022
SW Tait,5,26,23,11,7.67,88.46,0,0,1,1,3,534,668,23,7.51,29.04,23.22,3,2009/10,2013,2009/10-2013
SZ Mulani,1,1,1,1,,100.0,0,0,0,0,0,33,57,0,10.36,,,1,2024,2024,2024-2024
Sachin Baby,11,123,144,33,16.0,117.07,0,0,11,5,9,10,8,2,4.8,4.0,5.0,4,2013,2021,2013-2021
Salman Butt,7,172,193,73,27.57,112.21,0,1,30,2,7,0,0,0,,,,1,2007/08,2007/08,2007/08-2007/08
Sameer Rizvi,5,43,51,21,12.75,118.6,0,0,4,2,4,0,0,0,,,,1,2024,2024,2024-2024
Sandeep Sharma,25,73,54,9,9.0,73.97,0,0,4,0,6,2925,3758,137,7.71,27.43,21.35,10,2013,2023,2013-2023
Sanvir Singh,5,22,25,8,12.5,113.64,0,0,2,1,2,0,0,0,,,,2,2023,2024,2023-2024
Saurav Chauhan,3,16,18,9,6.0,112.5,0,0,1,1,3,0,0,0,,,,1,2024,2024,2024-2024
Shahbaz Ahmed,37,467,536,59,19.14,114.78,0,1,28,25,28,549,850,21,9.29,40.48,26.14,5,2020/21,2024,2020/21-2024
Shahid Afridi,9,46,81,33,10.12,176.09,0,0,7,6,8,185,237,9,7.69,26.33,20.56,1,2007/08,2007/08,2007/08-2007/08
Shakib Al Hasan,52,665,795,66,19.39,119.55,0,2,73,21,41,1515,1864,63,7.38,29.59,24.05,9,2011,2021,2011-2021
Shashank Singh,19,272,423,68,35.25,155.51,0,2,33,25,12,19,25,1,7.89,25.0,19.0,2,2022,2024,2022-2024
Shivam Mavi,11,58,51,20,5.67,87.93,0,0,4,2,9,687,958,30,8.37,31.93,22.9,4,2018,2022,2018-2022
Shivam Sharma,2,3,5,4,5.0,166.67,0,0,1,0,1,114,165,4,8.68,41.25,28.5,1,2014,2014,2014-2014
Shivam Singh,1,3,2,2,,66.67,0,0,0,0,0,0,0,0,,,,1,2024,2024,2024-2024
Shoaib Ahmed,3,6,1,1,0.5,16.67,0,0,0,0,2,103,154,5,8.97,30.8,20.6,1,2009,2009,2009-2009
Shoaib Akhtar,1,8,2,2,2.0,25.0,0,0,0,0,1,46,54,5,7.04,10.8,9.2,1,2007/08,2007/08,2007/08-2007/08
Shoaib Malik,5,49,52,24,13.0,106.12,0,0,5,0,4,58,87,2,9.0,43.5,29.0,1,2007/08,2007/08,2007/08-2007/08
Shubman Gill,99,2432,3216,129,37.84,132.24,4,20,310,95,85,0,0,0,,,,7,2018,2024,2018-2024
Sikandar Raza,9,143,182,57,26.0,127.27,0,1,12,8,7,88,146,3,9.95,48.67,29.33,2,2023,2024,2023-2024
Simarjeet Singh,3,8,7,3,7.0,87.5,0,0,0,0,1,193,265,9,8.24,29.44,21.44,1,2022,2022,2022-2022
Sohail Tanvir,5,31,36,13,12.0,116.13,0,0,3,1,3,265,275,22,6.23,12.5,12.05,1,2007/08,2007/08,2007/08-2007/08
Sumit Kumar,3,26,18,9,9.0,69.23,0,0,2,1,2,22,38,0,10.36,,,1,2024,2024,2024-2024
Sunny Gupta,1,1,0,0,0.0,0.0,0,0,0,0,1,19,47,0,14.84,,,1,2012,2012,2012-2012
Sunny Singh,5,31,43,20,10.75,138.71,0,0,6,1,4,0,0,0,,,,1,2011,2011,2011-2011
Swapnil Singh,9,46,51,15,10.2,110.87,0,0,3,3,5,165,241,7,8.76,34.43,23.57,4,2016,2024,2016-2024
T Banton,2,22,18,10,9.0,81.82,0,0,1,1,2,0,0,0,,,,1,2020/21,2020/21,2020/21-2020/21
T Henderson,2,16,11,11,5.5,68.75,0,0,0,1,2,36,41,1,6.83,41.0,36.0,1,2009,2009,2009-2009
T Kohler-Cadmore,3,54,48,20,16.0,88.89,0,0,7,1,3,0,0,0,,,,1,2024,2024,2024-2024
T Kohli,3,20,11,7,3.67,55.0,0,0,0,1,3,0,0,0,,,,2,2007/08,2009,2007/08-2009
T Natarajan,2,5,3,3,,60.0,0,0,0,0,0,1401,2001,67,8.57,29.87,20.91,1,2020/21,2020/21,2020/21-2020/21
T Shamsi,1,4,2,2,,50.0,0,0,0,0,0,120,185,3,9.25,61.67,40.0,1,2021,2021,2021-2021
T Stubbs,17,239,405,71,36.82,169.46,0,3,26,26,11,25,29,4,6.96,7.25,6.25,3,2022,2024,2022-2024
T Taibu,3,26,31,15,10.33,119.23,0,0,3,0,3,0,0,0,,,,1,2007/08,2007/08,2007/08-2007/08
T Thushara,4,19,12,8,6.0,63.16,0,0,0,0,2,144,164,8,6.83,20.5,18.0,2,2009,2009/10,2009-2009/10
TA Boult,22,82,83,17,10.38,101.22,0,0,5,3,8,2428,3286,121,8.12,27.16,20.07,8,2017,2024,2017-2024
TD Paine,2,29,10,8,5.0,34.48,0,0,0,0,2,0,0,0,,,,1,2011,2011,2011-2011
TG Southee,19,108,120,36,9.23,111.11,0,0,8,4,13,1262,1774,47,8.43,37.74,26.85,8,2014,2022,2014-2022
TH David,35,417,659,46,28.65,158.03,0,0,38,46,23,0,0,0,,,,4,2021,2024,2021-2024
TK Curran,10,108,127,54,25.4,117.59,0,1,10,3,5,252,432,13,10.29,33.23,19.38,3,2018,2021,2018-2021
TL Seifert,3,26,26,21,8.67,100.0,0,0,4,0,3,0,0,0,,,,2,2021,2022,2021-2022
TL Suman,39,587,676,78,21.12,115.16,0,2,55,26,32,152,198,6,7.82,33.0,25.33,5,2009,2013,2009-2013
TM Dilshan,50,1047,1153,76,26.81,110.12,0,9,140,24,43,275,368,5,8.03,73.6,55.0,6,2007/08,2013,2007/08-2013
TM Head,25,458,772,102,36.76,168.56,1,5,76,40,21,58,113,2,11.69,56.5,29.0,3,2016,2024,2016-2024
TM Srivastava,3,11,8,7,8.0,72.73,0,0,0,0,1,0,0,0,,,,2,2007/08,2009,2007/08-2009
TR Birt,5,59,75,27,15.0,127.12,0,0,9,2,5,0,0,0,,,,1,2011,2011,2011-2011
TS Mills,5,14,8,6,2.0,57.14,0,0,0,1,4,218,349,11,9.61,31.73,19.82,2,2017,2022,2017-2022
TU Deshpande,4,15,21,20,21.0,140.0,0,0,2,1,1,831,1275,42,9.21,30.36,19.79,3,2020/21,2024,2020/21-2024
Tanush Kotian,1,32,24,24,24.0,75.0,0,0,3,0,1,0,0,0,,,,1,2024,2024,2024-2024
Tilak Varma,38,830,1156,84,39.86,139.28,0,6,90,58,29,23,28,0,7.3,,,3,2022,2024,2022-2024
U Kaul,1,1,0,0,,0.0,0,0,0,0,0,0,0,0,,,,1,2007/08,2007/08,2007/08-2007/08
UA Birla,1,15,7,7,7.0,46.67,0,0,1,0,1,0,0,0,,,,1,2013,2013,2013-2013
UBT Chand,20,314,300,58,15.0,95.54,0,1,32,9,20,0,0,0,,,,6,2011,2016,2011-2016
UT Khawaja,6,105,127,30,21.17,120.95,0,0,14,3,6,0,0,0,,,,1,2016,2016,2016-2016
UT Yadav,48,211,208,24,9.9,98.58,0,0,16,9,21,3190,4442,144,8.35,30.85,22.15,14,2009/10,2024,2009/10-2024
Umar Gul,4,19,39,24,13.0,205.26,0,0,1,5,3,153,198,12,7.76,16.5,12.75,1,2007/08,2007/08,2007/08-2007/08
Umran Malik,5,16,23,19,11.5,143.75,0,0,1,2,2,519,785,29,9.08,27.07,17.9,2,2022,2023,2022-2023
V Kohli,244,6236,8014,113,38.71,128.51,8,56,708,273,207,264,371,4,8.43,92.75,66.0,17,2007/08,2024,2007/08-2024
V Pratap Singh,1,1,0,0,0.0,0.0,0,0,0,0,1,211,300,10,8.53,30.0,21.1,1,2012,2012,2012-2012
V Sehwag,104,1833,2728,122,27.56,148.83,2,16,334,106,99,138,236,6,10.26,39.33,23.0,8,2007/08,2015,2007/08-2015
V Shankar,58,890,1115,63,25.34,125.28,0,6,80,45,44,258,344,9,8.0,38.22,28.67,8,2017,2024,2017-2024
V Viyaskanth,1,5,7,7,,140.0,0,0,0,0,0,60,90,1,9.0,90.0,60.0,1,2024,2024,2024-2024
VG Arora,7,17,9,2,4.5,52.94,0,0,0,0,2,418,598,19,8.58,31.47,22.0,3,2022,2024,2022-2024
VH Zol,2,26,29,16,14.5,111.54,0,0,3,1,2,0,0,0,,,,1,2014,2014,2014-2014
VR Aaron,12,73,50,17,10.0,68.49,0,0,2,2,5,1065,1527,44,8.6,34.7,24.2,7,2011,2020/21,2011-2020/21
VR Iyer,49,1000,1326,104,31.57,132.6,1,11,121,61,42,84,145,3,10.36,48.33,28.0,4,2021,2024,2021-2024
VRV Singh,2,3,4,4,2.0,133.33,0,0,1,0,2,371,549,12,8.88,45.75,30.92,1,2007/08,2007/08,2007/08-2007/08
VS Malik,2,7,7,6,7.0,100.0,0,0,1,0,1,212,268,6,7.58,44.67,35.33,2,2009/10,2014,2009/10-2014
VS Yeligati,1,2,2,2,2.0,100.0,0,0,0,0,1,32,61,0,11.44,,,1,2007/08,2007/08,2007/08-2007/08
VVS Laxman,20,271,282,52,14.84,104.06,0,1,33,5,19,0,0,0,,,,4,2007/08,2011,2007/08-2011
VY Mahesh,5,28,15,6,7.5,53.57,0,0,0,0,2,359,511,21,8.54,24.33,17.1,1,2007/08,2007/08,2007/08-2007/08
Vijaykumar Vyshak,4,13,14,13,7.0,107.69,0,0,0,1,2,243,396,13,9.78,30.46,18.69,2,2023,2024,2023-2024
Virat Singh,2,26,15,11,7.5,57.69,0,0,1,0,2,0,0,0,,,,1,2021,2021,2021-2021
Vishnu Vinod,6,58,56,30,9.33,96.55,0,0,3,3,6,0,0,0,,,,2,2017,2023,2017-2023
Vivrant Sharma,1,49,69,69,69.0,140.82,0,1,9,2,1,21,37,0,10.57,,,1,2023,2023,2023-2023
W Jaffer,8,129,130,50,16.25,100.78,0,1,14,3,8,0,0,0,,,,2,2007/08,2009,2007/08-2009
WA Mota,8,76,56,25,9.33,73.68,0,0,2,0,6,75,98,4,7.84,24.5,18.75,2,2007/08,2009,2007/08-2009
WD Parnell,13,86,65,16,6.5,75.58,0,0,4,1,10,758,968,35,7.66,27.66,21.66,5,2011,2023,2011-2023
WG Jacks,8,133,230,100,32.86,172.93,1,1,16,18,7,55,100,2,10.91,50.0,27.5,1,2024,2024,2024-2024
WP Saha,143,2368,2934,115,24.25,123.9,1,13,296,87,121,0,0,0,,,,17,2007/08,2024,2007/08-2024
WPUJC Vaas,11,73,81,20,10.12,110.96,0,0,2,3,8,288,364,18,7.58,20.22,16.0,3,2007/08,2009/10,2007/08-2009/10
Washington Sundar,38,341,378,40,13.5,110.85,0,0,32,9,28,1064,1335,37,7.53,36.08,28.76,8,2017,2024,2017-2024
X Thalaivan Sargunam,1,17,10,10,10.0,58.82,0,0,0,0,1,0,0,0,,,,1,2013,2013,2013-2013
Y Gnaneswara Rao,1,18,19,19,19.0,105.56,0,0,3,0,1,6,7,0,7.0,,,1,2011,2011,2011-2011
Y Nagar,20,271,285,44,20.36,105.17,0,0,20,9,14,72,125,4,10.42,31.25,18.0,4,2009,2012,2009-2012
Y Prithvi Raj,1,1,0,0,,0.0,0,0,0,0,0,33,57,1,10.36,57.0,33.0,1,2019,2019,2019-2019
Y Venugopal Rao,52,865,985,71,22.39,113.87,0,3,77,37,44,222,338,6,9.14,56.33,37.0,6,2007/08,2014,2007/08-2014
YA Abdulla,1,1,0,0,,0.0,0,0,0,0,0,222,311,15,8.41,20.73,14.8,1,2009/10,2009/10,2009/10-2009/10
YBK Jaiswal,52,1095,1607,124,32.14,146.76,2,9,199,64,50,1,6,0,36.0,,,5,2020/21,2024,2020/21-2024
YK Pathan,153,2334,3222,100,29.29,138.05,1,14,263,161,110,1184,1443,42,7.31,34.36,28.19,12,2007/08,2019,2007/08-2019
YS Chahal,17,89,37,8,5.29,41.57,0,0,0,0,7,3628,4681,205,7.74,22.83,17.7,8,2014,2022,2014-2022
YV Dhull,3,23,16,13,5.33,69.57,0,0,1,0,3,0,0,0,,,,1,2023,2023,2023-2023
YV Takawale,10,183,192,45,24.0,104.92,0,0,26,3,8,0,0,0,,,,3,2007/08,2014,2007/08-2014
Yash Dayal,1,1,0,0,0.0,0.0,0,0,0,0,1,615,933,28,9.1,33.32,21.96,1,2022,2022,2022-2022
Yashpal Singh,4,67,47,20,11.75,70.15,0,0,5,0,4,0,0,0,,,,1,2009,2009,2009-2009
Younis Khan,1,7,3,3,3.0,42.86,0,0,0,0,1,0,0,0,,,,1,2007/08,2007/08,2007/08-2007/08
Yudhvir Singh,4,16,22,14,5.5,137.5,0,0,1,2,4,74,125,4,10.14,31.25,18.5,2,2023,2024,2023-2024
Yuvraj Singh,126,2207,2754,83,24.81,124.78,0,13,218,149,111,882,1091,36,7.42,30.31,24.5,11,2007/08,2019,2007/08-2019
Z Khan,27,141,117,23,8.36,82.98,0,0,11,2,14,2276,2860,102,7.54,28.04,22.31,8,2007/08,2017,2007/08-2017
A Nel,0,0,0,0,,,0,0,0,0,0,18,31,1,10.33,31.0,18.0,0,,,
AA Kazi,0,0,0,0,,,0,0,0,0,0,13,21,0,9.69,,,0,,,
AM Salvi,0,0,0,0,,,0,0,0,0,0,156,205,7,7.88,29.29,22.29,0,,,
Akash Singh,0,0,0,0,,,0,0,0,0,0,141,227,5,9.66,45.4,28.2,0,,,
Anand Rajan,0,0,0,0,,,0,0,0,0,0,162,206,8,7.63,25.75,20.25,0,,,
B Geeves,0,0,0,0,,,0,0,0,0,0,49,91,1,11.14,91.0,49.0,0,,,
BW Hilfenhaus,0,0,0,0,,,0,0,0,0,0,390,497,22,7.65,22.59,17.73,0,,,
C Ganapathy,0,0,0,0,,,0,0,0,0,0,6,13,0,13.0,,,0,,,
CJ Dala,0,0,0,0,,,0,0,0,0,0,19,34,0,10.74,,,0,,,
CJ Green,0,0,0,0,,,0,0,0,0,0,17,24,0,8.47,,,0,,,
D Jansen,0,0,0,0,,,0,0,0,0,0,28,53,1,11.36,53.0,28.0,0,,,
GS Sandhu,0,0,0,0,,,0,0,0,0,0,48,86,1,10.75,86.0,48.0,0,,,
Gagandeep Singh,0,0,0,0,,,0,0,0,0,0,84,142,3,10.14,47.33,28.0,0,,,
Gurnoor Brar,0,0,0,0,,,0,0,0,0,0,21,42,0,12.0,,,0,,,
H Sharma,0,0,0,0,,,0,0,0,0,0,30,62,0,12.4,,,0,,,
IC Porel,0,0,0,0,,,0,0,0,0,0,26,42,1,9.69,42.0,26.0,0,,,
J Little,0,0,0,0,,,0,0,0,0,0,236,341,11,8.67,31.0,21.45,0,,,
JW Hastings,0,0,0,0,,,0,0,0,0,0,61,66,3,6.49,22.0,20.33,0,,,
Jalaj S Saxena,0,0,0,0,,,0,0,0,0,0,18,27,0,9.0,,,0,,,
K Khejroliya,0,0,0,0,,,0,0,0,0,0,129,221,5,10.28,44.2,25.8,0,,,
K Santokie,0,0,0,0,,,0,0,0,0,0,51,91,3,10.71,30.33,17.0,0,,,
KT Maphaka,0,0,0,0,,,0,0,0,0,0,39,90,1,13.85,90.0,39.0,0,,,
L Ngidi,0,0,0,0,,,0,0,0,0,0,342,460,25,8.07,18.4,13.68,0,,,
LI Meriwala,0,0,0,0,,,0,0,0,0,0,19,32,1,10.11,32.0,19.0,0,,,
M Pathirana,0,0,0,0,,,0,0,0,0,0,503,617,34,7.36,18.15,14.79,0,,,
M Siddharth,0,0,0,0,,,0,0,0,0,0,58,72,1,7.45,72.0,58.0,0,,,
MB Parmar,0,0,0,0,,,0,0,0,0,0,19,33,0,10.42,,,0,,,
MG Neser,0,0,0,0,,,0,0,0,0,0,25,62,0,14.88,,,0,,,
MJ Henry,0,0,0,0,,,0,0,0,0,0,105,183,2,10.46,91.5,52.5,0,,,
MP Yadav,0,0,0,0,,,0,0,0,0,0,76,88,7,6.95,12.57,10.86,0,,,
Monu Kumar,0,0,0,0,,,0,0,0,0,0,16,20,0,7.5,,,0,,,
N Burger,0,0,0,0,,,0,0,0,0,0,105,152,7,8.69,21.71,15.0,0,,,
N Thushara,0,0,0,0,,,0,0,0,0,0,172,259,8,9.03,32.38,21.5,0,,,
NA Saini,0,0,0,0,,,0,0,0,0,0,15,35,0,14.0,,,0,,,
NB Singh,0,0,0,0,,,0,0,0,0,0,25,18,1,4.32,18.0,25.0,0,,,
O Thomas,0,0,0,0,,,0,0,0,0,0,63,85,5,8.1,17.0,12.6,0,,,
P Amarnath,0,0,0,0,,,0,0,0,0,0,132,241,7,10.95,34.43,18.86,0,,,
P Prasanth,0,0,0,0,,,0,0,0,0,0,6,18,0,18.0,,,0,,,
P Suyal,0,0,0,0,,,0,0,0,0,0,107,154,2,8.64,77.0,53.5,0,,,
PH Solanki,0,0,0,0,,,0,0,0,0,0,36,39,2,6.5,19.5,18.0,0,,,
R Goyal,0,0,0,0,,,0,0,0,0,0,24,34,0,8.5,,,0,,,
RA Shaikh,0,0,0,0,,,0,0,0,0,0,6,11,0,11.0,,,0,,,
RR Bose,0,0,0,0,,,0,0,0,0,0,12,24,0,12.0,,,0,,,
RS Hangargekar,0,0,0,0,,,0,0,0,0,0,43,60,3,8.37,20.0,14.33,0,,,
RW Price,0,0,0,0,,,0,0,0,0,0,18,33,0,11.0,,,0,,,
S Joseph,0,0,0,0,,,0,0,0,0,0,30,51,0,10.2,,,0,,,
S Midhun,0,0,0,0,,,0,0,0,0,0,13,29,0,13.38,,,0,,,
S Sandeep Warrier,0,0,0,0,,,0,0,0,0,0,176,257,8,8.76,32.12,22.0,0,,,
SC Kuggeleijn,0,0,0,0,,,0,0,0,0,0,50,71,2,8.52,35.5,25.0,0,,,
SM Boland,0,0,0,0,,,0,0,0,0,0,43,56,2,7.81,28.0,21.5,0,,,
SS Agarwal,0,0,0,0,,,0,0,0,0,0,24,42,1,10.5,42.0,24.0,0,,,
SS Mundhe,0,0,0,0,,,0,0,0,0,0,7,6,1,5.14,6.0,7.0,0,,,
SS Sarkar,0,0,0,0,,,0,0,0,0,0,25,34,1,8.16,34.0,25.0,0,,,
SSB Magala,0,0,0,0,,,0,0,0,0,0,37,52,1,8.43,52.0,37.0,0,,,
Suyash Sharma,0,0,0,0,,,0,0,0,0,0,264,381,10,8.66,38.1,26.4,0,,,
TP Sudhindra,0,0,0,0,,,0,0,0,0,0,74,137,1,11.11,137.0,74.0,0,,,
Tejas Baroka,0,0,0,0,,,0,0,0,0,0,21,33,0,9.43,,,0,,,
V Kaverappa,0,0,0,0,,,0,0,0,0,0,24,36,2,9.0,18.0,12.0,0,,,
Yash Thakur,0,0,0,0,,,0,0,0,0,0,432,702,24,9.75,29.25,18.0,0,,,
